id,longitude,latitude,date
FRA 18,01°50.48'W,46°24.46'N,2020-11-08
MON 10,01°49.82'W,46°24.34'N,2020-11-08
FRA 8,01°49.99'W,46°24.91'N,2020-11-08
FRA 59,01°49.68'W,46°24.71'N,2020-11-08
FRA 53,01°49.56'W,46°24.59'N,2020-11-08
FRA 56,01°49.87'W,46°25.19'N,2020-11-08
FRA 01,01°49.49'W,46°24.90'N,2020-11-08
GBR 99,01°49.45'W,46°25.21'N,2020-11-08
GBR 777,01°49.36'W,46°25.22'N,2020-11-08
FRA 85,01°49.22'W,46°25.14'N,2020-11-08
FRA 92,01°49.15'W,46°25.05'N,2020-11-08
FRA 49,01°49.29'W,46°25.26'N,2020-11-08
FRA 1000,01°49.02'W,46°24.84'N,2020-11-08
FRA 83,01°48.92'W,46°24.89'N,2020-11-08
FRA 109,01°49.36'W,46°25.62'N,2020-11-08
FRA 17,01°48.91'W,46°25.14'N,2020-11-08
ITA 34,01°49.09'W,46°25.53'N,2020-11-08
JPN 11,01°49.00'W,46°25.42'N,2020-11-08
FRA 6,01°49.19'W,46°25.80'N,2020-11-08
FRA 71,01°48.60'W,46°25.16'N,2020-11-08
FRA 30,01°49.03'W,46°25.78'N,2020-11-08
SUI 7,01°48.96'W,46°25.72'N,2020-11-08
ESP 33,01°48.85'W,46°25.59'N,2020-11-08
FRA 09,01°48.74'W,46°25.47'N,2020-11-08
FRA 72,01°48.92'W,46°25.83'N,2020-11-08
FRA 27,01°48.22'W,46°24.98'N,2020-11-08
FRA 4,01°48.73'W,46°25.75'N,2020-11-08
FRA 50,01°48.34'W,46°25.39'N,2020-11-08
FIN 222,01°48.21'W,46°25.65'N,2020-11-08
FRA 1000,07°35.86'W,45°18.15'N,2020-11-09
FRA 53,07°48.44'W,45°26.91'N,2020-11-09
FRA 01,07°48.35'W,45°30.57'N,2020-11-09
FRA 49,07°35.27'W,45°29.48'N,2020-11-09
FRA 09,07°42.41'W,45°32.08'N,2020-11-09
FRA 6,08°51.68'W,45°55.81'N,2020-11-09
FRA 109,08°25.56'W,45°56.15'N,2020-11-09
FRA 92,07°33.94'W,45°40.92'N,2020-11-09
FRA 8,08°54.88'W,46°05.50'N,2020-11-09
GBR 99,08°20.76'W,45°58.66'N,2020-11-09
FRA 17,08°17.64'W,46°00.20'N,2020-11-09
FRA 79,08°49.05'W,46°10.20'N,2020-11-09
FRA 85,08°44.19'W,46°08.95'N,2020-11-09
FRA 30,08°15.58'W,46°03.33'N,2020-11-09
FRA 27,08°18.41'W,46°04.84'N,2020-11-09
MON 10,08°34.64'W,46°10.25'N,2020-11-09
FRA 59,09°06.99'W,46°20.63'N,2020-11-09
ESP 33,07°15.27'W,45°47.68'N,2020-11-09
FRA 4,08°38.12'W,46°13.09'N,2020-11-09
FRA 71,07°25.79'W,45°54.26'N,2020-11-09
FRA 50,07°25.68'W,46°01.43'N,2020-11-09
FRA 18,08°55.04'W,46°28.03'N,2020-11-09
ITA 34,08°18.28'W,46°19.99'N,2020-11-09
GBR 777,07°25.06'W,46°04.98'N,2020-11-09
FIN 222,06°55.19'W,45°59.45'N,2020-11-09
SUI 7,08°13.06'W,46°30.84'N,2020-11-09
FRA 83,06°55.61'W,46°06.98'N,2020-11-09
FRA 72,07°19.07'W,46°22.56'N,2020-11-09
FRA 14,07°52.03'W,46°33.44'N,2020-11-09
JPN 11,08°31.16'W,46°47.48'N,2020-11-09
FRA 56,01°47.42'W,46°30.13'N,2020-11-09
FRA 09,10°14.38'W,42°25.35'N,2020-11-10
FRA 53,10°06.26'W,42°24.27'N,2020-11-10
FRA 01,10°23.08'W,42°32.68'N,2020-11-10
FRA 6,10°25.33'W,42°35.45'N,2020-11-10
FRA 1000,10°32.03'W,42°40.06'N,2020-11-10
FRA 49,10°13.06'W,42°35.77'N,2020-11-10
FRA 8,12°22.09'W,43°24.57'N,2020-11-10
FRA 79,12°35.78'W,43°33.78'N,2020-11-10
FRA 85,12°12.75'W,43°28.93'N,2020-11-10
FRA 17,09°41.79'W,42°54.90'N,2020-11-10
FRA 92,09°37.35'W,42°53.69'N,2020-11-10
FRA 109,11°40.74'W,43°31.06'N,2020-11-10
ESP 33,09°39.00'W,43°01.39'N,2020-11-10
FRA 71,09°26.02'W,43°04.28'N,2020-11-10
FRA 4,12°49.96'W,44°00.33'N,2020-11-10
FRA 27,10°43.43'W,43°36.23'N,2020-11-10
GBR 99,12°39.44'W,44°09.93'N,2020-11-10
FRA 30,12°04.97'W,44°02.21'N,2020-11-10
MON 10,12°42.11'W,44°12.58'N,2020-11-10
FRA 83,09°58.83'W,43°32.99'N,2020-11-10
FIN 222,09°53.11'W,43°34.51'N,2020-11-10
FRA 59,13°37.35'W,44°31.24'N,2020-11-10
SUI 7,11°02.62'W,43°58.00'N,2020-11-10
FRA 50,10°29.53'W,43°55.99'N,2020-11-10
GBR 777,10°12.92'W,43°54.69'N,2020-11-10
FRA 18,13°30.72'W,44°42.25'N,2020-11-10
ITA 34,12°16.58'W,44°31.37'N,2020-11-10
FRA 14,09°03.16'W,43°51.49'N,2020-11-10
JPN 11,11°33.56'W,44°41.35'N,2020-11-10
FRA 72,10°28.79'W,44°31.29'N,2020-11-10
FRA 56,01°47.42'W,46°30.13'N,2020-11-10
FRA 53,15°47.49'W,40°36.20'N,2020-11-11
FRA 09,16°09.73'W,40°48.25'N,2020-11-11
FRA 01,16°13.28'W,40°50.97'N,2020-11-11
FRA 79,18°10.11'W,41°11.37'N,2020-11-11
FRA 59,19°24.89'W,41°21.65'N,2020-11-11
FRA 6,17°00.44'W,41°02.08'N,2020-11-11
GBR 99,18°17.51'W,41°14.81'N,2020-11-11
FRA 85,18°07.91'W,41°16.51'N,2020-11-11
FRA 17,15°32.84'W,40°52.65'N,2020-11-11
FRA 1000,16°40.97'W,41°11.70'N,2020-11-11
FRA 4,19°11.22'W,41°32.96'N,2020-11-11
FRA 49,16°03.19'W,41°06.28'N,2020-11-11
FRA 109,17°43.85'W,41°24.45'N,2020-11-11
FRA 18,19°09.63'W,41°35.64'N,2020-11-11
FRA 92,14°26.77'W,41°02.09'N,2020-11-11
MON 10,18°32.56'W,41°48.25'N,2020-11-11
ITA 34,17°23.63'W,41°38.78'N,2020-11-11
FRA 30,17°38.24'W,41°41.43'N,2020-11-11
FRA 71,13°50.85'W,41°12.50'N,2020-11-11
SUI 7,16°49.08'W,41°49.90'N,2020-11-11
ESP 33,13°53.92'W,41°34.18'N,2020-11-11
FRA 27,14°21.62'W,41°40.26'N,2020-11-11
JPN 11,16°05.26'W,42°12.92'N,2020-11-11
FRA 50,15°33.86'W,42°16.63'N,2020-11-11
FRA 14,14°34.82'W,42°05.46'N,2020-11-11
FRA 83,12°52.18'W,41°43.65'N,2020-11-11
FIN 222,15°17.68'W,42°21.77'N,2020-11-11
GBR 777,14°59.09'W,42°23.35'N,2020-11-11
FRA 8,15°36.14'W,42°52.75'N,2020-11-11
FRA 72,14°51.57'W,43°01.59'N,2020-11-11
FRA 56,05°27.39'W,45°02.21'N,2020-11-11
GBR 99,22°46.30'W,37°52.58'N,2020-11-12
FRA 01,21°36.24'W,37°52.36'N,2020-11-12
FRA 09,21°34.73'W,38°01.11'N,2020-11-12
FRA 59,23°49.27'W,38°08.64'N,2020-11-12
FRA 79,23°46.92'W,38°08.75'N,2020-11-12
FRA 6,22°18.13'W,38°09.68'N,2020-11-12
FRA 85,23°29.25'W,38°18.40'N,2020-11-12
FRA 109,22°08.02'W,38°17.03'N,2020-11-12
FRA 53,21°19.48'W,38°24.37'N,2020-11-12
FRA 4,21°55.24'W,38°28.60'N,2020-11-12
FRA 49,21°07.99'W,38°26.70'N,2020-11-12
FRA 1000,21°31.18'W,38°35.05'N,2020-11-12
FRA 30,21°09.35'W,38°37.25'N,2020-11-12
FRA 17,20°58.63'W,38°41.19'N,2020-11-12
MON 10,21°19.61'W,38°56.40'N,2020-11-12
ITA 34,21°00.29'W,38°57.67'N,2020-11-12
FRA 18,21°23.65'W,39°16.03'N,2020-11-12
SUI 7,20°15.35'W,39°20.32'N,2020-11-12
FRA 92,19°30.32'W,39°37.56'N,2020-11-12
ESP 33,18°22.38'W,39°36.17'N,2020-11-12
JPN 11,19°48.32'W,39°50.35'N,2020-11-12
FRA 27,19°18.08'W,39°48.10'N,2020-11-12
FRA 71,18°47.56'W,39°49.76'N,2020-11-12
FRA 14,19°08.80'W,40°00.97'N,2020-11-12
GBR 777,19°02.55'W,40°07.91'N,2020-11-12
FRA 50,19°04.19'W,40°09.52'N,2020-11-12
FIN 222,18°27.91'W,40°15.23'N,2020-11-12
FRA 83,16°08.55'W,40°17.78'N,2020-11-12
FRA 72,18°04.63'W,41°08.67'N,2020-11-12
FRA 8,11°41.93'W,44°20.93'N,2020-11-12
FRA 56,07°37.88'W,43°52.97'N,2020-11-12
GBR 99,25°48.77'W,32°33.62'N,2020-11-13
FRA 01,25°21.87'W,33°00.45'N,2020-11-13
FRA 6,25°10.87'W,33°21.74'N,2020-11-13
FRA 59,26°15.01'W,33°26.24'N,2020-11-13
FRA 85,26°10.76'W,33°29.76'N,2020-11-13
FRA 09,25°11.59'W,33°42.04'N,2020-11-13
FRA 79,27°05.20'W,33°39.54'N,2020-11-13
FRA 109,25°18.56'W,33°59.85'N,2020-11-13
FRA 53,24°51.90'W,34°07.24'N,2020-11-13
FRA 1000,24°59.35'W,34°15.18'N,2020-11-13
FRA 49,24°38.17'W,34°21.78'N,2020-11-13
FRA 17,24°23.75'W,34°23.41'N,2020-11-13
MON 10,24°33.60'W,34°23.67'N,2020-11-13
FRA 18,24°13.62'W,34°31.61'N,2020-11-13
FRA 4,24°59.94'W,35°11.00'N,2020-11-13
FRA 30,25°14.25'W,35°17.85'N,2020-11-13
ITA 34,24°20.45'W,35°20.97'N,2020-11-13
SUI 7,23°34.83'W,35°35.21'N,2020-11-13
JPN 11,22°24.29'W,36°24.56'N,2020-11-13
FRA 92,22°34.40'W,36°27.31'N,2020-11-13
FRA 27,21°48.80'W,36°47.09'N,2020-11-13
FRA 14,22°00.42'W,37°16.19'N,2020-11-13
FRA 71,21°52.79'W,37°25.84'N,2020-11-13
ESP 33,20°27.21'W,37°37.57'N,2020-11-13
GBR 777,22°00.73'W,37°54.97'N,2020-11-13
FRA 50,21°44.79'W,38°15.51'N,2020-11-13
FIN 222,21°23.74'W,38°22.80'N,2020-11-13
FRA 72,19°50.24'W,38°50.66'N,2020-11-13
FRA 83,18°52.06'W,38°46.63'N,2020-11-13
FRA 56,10°13.10'W,42°20.47'N,2020-11-13
FRA 8,06°06.47'W,45°37.40'N,2020-11-13
FRA 01,28°24.48'W,27°17.10'N,2020-11-14
GBR 99,30°15.47'W,27°22.92'N,2020-11-14
FRA 09,26°54.19'W,27°51.67'N,2020-11-14
FRA 85,29°10.07'W,28°25.24'N,2020-11-14
FRA 1000,27°55.67'W,28°35.74'N,2020-11-14
FRA 18,26°24.56'W,28°50.30'N,2020-11-14
FRA 59,29°31.46'W,28°35.17'N,2020-11-14
MON 10,26°53.27'W,28°55.65'N,2020-11-14
FRA 17,27°30.95'W,29°07.74'N,2020-11-14
FRA 109,28°56.42'W,29°09.71'N,2020-11-14
FRA 6,28°39.97'W,29°18.35'N,2020-11-14
FRA 53,26°52.20'W,29°28.03'N,2020-11-14
FRA 49,27°21.95'W,29°26.84'N,2020-11-14
FRA 4,26°00.17'W,29°35.49'N,2020-11-14
FRA 79,31°08.49'W,29°02.29'N,2020-11-14
SUI 7,26°36.98'W,30°32.79'N,2020-11-14
ITA 34,27°30.95'W,30°29.71'N,2020-11-14
FRA 30,27°40.33'W,31°07.61'N,2020-11-14
JPN 11,22°55.57'W,31°11.33'N,2020-11-14
FRA 27,22°28.56'W,31°09.83'N,2020-11-14
FRA 92,26°01.15'W,32°01.28'N,2020-11-14
FRA 14,25°01.90'W,32°58.60'N,2020-11-14
ESP 33,21°44.03'W,33°27.44'N,2020-11-14
GBR 777,21°53.10'W,33°31.15'N,2020-11-14
FRA 71,24°00.56'W,34°02.04'N,2020-11-14
FRA 50,22°32.87'W,36°40.31'N,2020-11-14
FIN 222,22°40.82'W,36°41.32'N,2020-11-14
FRA 72,20°41.34'W,37°08.93'N,2020-11-14
FRA 83,18°27.59'W,37°18.37'N,2020-11-14
FRA 56,13°08.78'W,39°39.55'N,2020-11-14
FRA 8,01°47.45'W,46°30.11'N,2020-11-14
GBR 99,29°51.73'W,20°58.44'N,2020-11-15
FRA 01,28°09.38'W,21°57.64'N,2020-11-15
FRA 59,29°23.38'W,23°13.00'N,2020-11-15
FRA 09,27°46.93'W,23°40.73'N,2020-11-15
FRA 85,27°48.40'W,23°45.58'N,2020-11-15
FRA 79,29°47.62'W,23°50.48'N,2020-11-15
FRA 1000,27°18.56'W,24°33.35'N,2020-11-15
FRA 18,27°27.35'W,24°33.53'N,2020-11-15
FRA 17,28°10.21'W,24°49.25'N,2020-11-15
FRA 6,28°45.93'W,24°50.70'N,2020-11-15
FRA 109,29°15.88'W,24°49.62'N,2020-11-15
MON 10,29°03.57'W,25°01.13'N,2020-11-15
FRA 49,27°23.44'W,26°03.86'N,2020-11-15
FRA 53,28°13.99'W,26°05.78'N,2020-11-15
FRA 4,27°36.87'W,26°25.98'N,2020-11-15
FRA 27,24°51.66'W,26°53.32'N,2020-11-15
ITA 34,29°06.15'W,27°00.87'N,2020-11-15
SUI 7,27°55.59'W,27°12.47'N,2020-11-15
FRA 30,27°22.26'W,27°27.83'N,2020-11-15
FRA 92,27°22.76'W,28°19.82'N,2020-11-15
GBR 777,23°28.71'W,28°36.64'N,2020-11-15
JPN 11,22°44.25'W,28°35.64'N,2020-11-15
ESP 33,23°35.12'W,28°47.75'N,2020-11-15
FRA 14,26°52.11'W,29°08.25'N,2020-11-15
FRA 71,22°37.96'W,29°52.98'N,2020-11-15
FRA 50,21°32.71'W,33°30.62'N,2020-11-15
FIN 222,21°25.84'W,33°37.03'N,2020-11-15
FRA 72,21°34.72'W,34°19.20'N,2020-11-15
FRA 83,18°40.72'W,34°41.78'N,2020-11-15
FRA 56,16°42.82'W,38°34.78'N,2020-11-15
FRA 8,01°47.45'W,46°30.11'N,2020-11-15
GBR 99,29°41.57'W,12°55.27'N,2020-11-16
FRA 01,28°32.58'W,14°43.22'N,2020-11-16
FRA 59,29°52.25'W,14°53.17'N,2020-11-16
FRA 79,29°30.67'W,15°45.21'N,2020-11-16
FRA 85,28°20.14'W,16°20.04'N,2020-11-16
FRA 09,28°43.31'W,17°04.67'N,2020-11-16
FRA 18,29°06.17'W,17°28.39'N,2020-11-16
FRA 109,29°45.38'W,17°33.34'N,2020-11-16
FRA 1000,27°57.80'W,17°58.86'N,2020-11-16
FRA 17,28°15.57'W,17°59.07'N,2020-11-16
MON 10,29°32.22'W,17°50.64'N,2020-11-16
FRA 6,28°49.56'W,19°23.19'N,2020-11-16
FRA 4,27°52.25'W,19°32.51'N,2020-11-16
FRA 49,27°43.64'W,20°31.40'N,2020-11-16
FRA 53,29°19.34'W,20°41.50'N,2020-11-16
ITA 34,29°55.97'W,21°46.37'N,2020-11-16
FRA 27,26°13.88'W,23°05.62'N,2020-11-16
FRA 30,28°06.07'W,23°11.12'N,2020-11-16
SUI 7,28°42.89'W,23°29.10'N,2020-11-16
FRA 92,27°31.08'W,25°15.58'N,2020-11-16
GBR 777,23°43.25'W,26°45.94'N,2020-11-16
ESP 33,24°00.37'W,27°02.10'N,2020-11-16
FRA 14,26°46.81'W,27°14.76'N,2020-11-16
FRA 71,23°30.23'W,27°33.38'N,2020-11-16
JPN 11,22°18.53'W,27°41.70'N,2020-11-16
FRA 50,21°53.26'W,30°08.51'N,2020-11-16
FIN 222,21°30.82'W,30°13.04'N,2020-11-16
FRA 72,21°17.60'W,30°34.28'N,2020-11-16
FRA 83,20°32.03'W,31°34.71'N,2020-11-16
FRA 56,18°34.45'W,34°58.72'N,2020-11-16
FRA 8,01°47.45'W,46°30.11'N,2020-11-16
GBR 99,28°54.40'W,05°41.16'N,2020-11-17
FRA 59,28°54.87'W,07°11.21'N,2020-11-17
FRA 01,28°04.74'W,07°53.52'N,2020-11-17
FRA 79,28°36.13'W,08°02.08'N,2020-11-17
FRA 85,28°41.69'W,09°37.64'N,2020-11-17
FRA 18,28°53.29'W,10°17.17'N,2020-11-17
MON 10,28°42.16'W,10°42.64'N,2020-11-17
FRA 09,28°51.01'W,10°47.68'N,2020-11-17
FRA 109,29°18.78'W,10°43.92'N,2020-11-17
FRA 17,27°55.66'W,11°27.42'N,2020-11-17
FRA 1000,28°15.20'W,11°35.23'N,2020-11-17
FRA 4,28°07.06'W,12°34.03'N,2020-11-17
FRA 49,27°55.72'W,14°08.55'N,2020-11-17
FRA 53,29°20.07'W,14°02.53'N,2020-11-17
ITA 34,30°05.33'W,14°29.70'N,2020-11-17
FRA 27,27°33.48'W,16°26.05'N,2020-11-17
SUI 7,28°31.33'W,16°42.67'N,2020-11-17
FRA 30,29°13.59'W,16°39.45'N,2020-11-17
FRA 92,27°42.99'W,19°23.66'N,2020-11-17
ESP 33,24°58.05'W,23°28.01'N,2020-11-17
GBR 777,25°47.84'W,23°57.15'N,2020-11-17
FRA 71,24°11.82'W,24°49.67'N,2020-11-17
FRA 14,27°00.17'W,25°53.63'N,2020-11-17
JPN 11,22°44.78'W,27°12.78'N,2020-11-17
FIN 222,22°02.02'W,28°54.21'N,2020-11-17
FRA 50,22°01.13'W,28°57.62'N,2020-11-17
FRA 72,23°16.12'W,29°24.87'N,2020-11-17
FRA 83,22°03.76'W,29°52.57'N,2020-11-17
FRA 56,21°45.74'W,33°53.42'N,2020-11-17
FRA 8,01°47.45'W,46°30.11'N,2020-11-17
GBR 99,30°40.02'W,00°03.00'S,2020-11-18
FRA 59,29°38.16'W,01°37.54'N,2020-11-18
FRA 79,28°58.07'W,02°07.71'N,2020-11-18
FRA 01,28°49.54'W,02°27.53'N,2020-11-18
FRA 85,28°48.85'W,03°35.54'N,2020-11-18
FRA 18,29°22.02'W,03°55.01'N,2020-11-18
FRA 09,28°05.59'W,04°34.35'N,2020-11-18
FRA 109,29°07.90'W,04°21.75'N,2020-11-18
MON 10,29°00.61'W,04°25.85'N,2020-11-18
FRA 17,27°17.86'W,04°55.59'N,2020-11-18
FRA 4,27°07.17'W,05°24.70'N,2020-11-18
FRA 1000,28°00.01'W,05°28.33'N,2020-11-18
ITA 34,29°15.78'W,07°10.89'N,2020-11-18
FRA 53,29°05.83'W,07°41.33'N,2020-11-18
FRA 49,27°36.47'W,08°16.97'N,2020-11-18
FRA 27,27°38.95'W,09°50.93'N,2020-11-18
SUI 7,27°38.67'W,10°21.40'N,2020-11-18
FRA 30,28°37.68'W,10°21.88'N,2020-11-18
FRA 92,27°23.68'W,13°32.20'N,2020-11-18
ESP 33,26°08.43'W,18°17.86'N,2020-11-18
FRA 14,27°44.75'W,19°23.24'N,2020-11-18
GBR 777,28°07.41'W,19°26.43'N,2020-11-18
FRA 71,26°43.23'W,20°18.57'N,2020-11-18
JPN 11,23°24.02'W,24°38.97'N,2020-11-18
FIN 222,23°39.35'W,25°32.31'N,2020-11-18
FRA 72,24°31.92'W,26°11.61'N,2020-11-18
FRA 50,24°44.96'W,26°16.85'N,2020-11-18
FRA 83,23°56.34'W,27°32.24'N,2020-11-18
FRA 56,25°38.82'W,30°39.68'N,2020-11-18
FRA 8,07°02.23'W,45°41.39'N,2020-11-18
GBR 99,32°23.36'W,06°51.59'S,2020-11-19
FRA 59,30°53.42'W,06°09.20'S,2020-11-19
FRA 79,30°45.27'W,05°36.63'S,2020-11-19
FRA 01,30°07.59'W,03°54.95'S,2020-11-19
FRA 85,30°30.08'W,03°04.86'S,2020-11-19
FRA 18,30°44.90'W,02°56.68'S,2020-11-19
MON 10,29°43.43'W,01°57.00'S,2020-11-19
FRA 17,29°21.87'W,01°33.48'S,2020-11-19
FRA 109,30°28.69'W,01°42.03'S,2020-11-19
FRA 09,28°50.66'W,00°51.86'S,2020-11-19
FRA 4,29°12.06'W,00°50.83'S,2020-11-19
FRA 1000,29°08.89'W,00°08.48'S,2020-11-19
ITA 34,29°57.53'W,01°12.50'N,2020-11-19
FRA 53,29°27.43'W,01°55.86'N,2020-11-19
FRA 27,27°37.79'W,03°58.49'N,2020-11-19
FRA 49,27°09.05'W,04°16.50'N,2020-11-19
FRA 30,28°18.92'W,04°19.36'N,2020-11-19
SUI 7,27°24.84'W,04°46.79'N,2020-11-19
FRA 92,27°49.57'W,07°28.87'N,2020-11-19
ESP 33,27°25.84'W,13°06.79'N,2020-11-19
FRA 14,28°48.81'W,13°23.32'N,2020-11-19
GBR 777,29°26.78'W,13°53.77'N,2020-11-19
FRA 71,28°12.21'W,14°54.30'N,2020-11-19
JPN 11,23°54.85'W,20°39.81'N,2020-11-19
FIN 222,25°12.18'W,20°44.63'N,2020-11-19
FRA 50,26°04.89'W,20°43.64'N,2020-11-19
FRA 72,26°04.09'W,21°08.25'N,2020-11-19
FRA 83,25°43.72'W,22°22.05'N,2020-11-19
FRA 56,27°23.49'W,24°18.07'N,2020-11-19
FRA 8,13°44.69'W,42°57.86'N,2020-11-19
GBR 99,32°34.71'W,15°08.14'S,2020-11-20
FRA 59,30°27.96'W,14°09.27'S,2020-11-20
FRA 79,31°32.49'W,13°50.40'S,2020-11-20
FRA 01,30°20.58'W,10°28.91'S,2020-11-20
FRA 18,31°37.98'W,10°28.94'S,2020-11-20
FRA 85,32°01.57'W,10°28.09'S,2020-11-20
MON 10,31°04.23'W,09°07.50'S,2020-11-20
FRA 17,31°17.03'W,08°45.69'S,2020-11-20
FRA 109,32°05.17'W,08°53.13'S,2020-11-20
FRA 4,32°30.92'W,08°32.07'S,2020-11-20
FRA 09,30°21.76'W,06°14.00'S,2020-11-20
FRA 1000,31°02.20'W,05°37.64'S,2020-11-20
ITA 34,31°57.21'W,04°47.43'S,2020-11-20
FRA 53,30°21.24'W,02°51.16'S,2020-11-20
FRA 27,29°30.95'W,01°12.69'S,2020-11-20
FRA 49,29°20.60'W,00°21.85'S,2020-11-20
FRA 30,29°34.96'W,00°19.53'S,2020-11-20
SUI 7,28°51.71'W,00°14.27'N,2020-11-20
FRA 92,28°35.27'W,03°30.03'N,2020-11-20
ESP 33,27°36.93'W,08°15.03'N,2020-11-20
FRA 14,28°42.80'W,08°15.31'N,2020-11-20
GBR 777,29°09.54'W,08°39.90'N,2020-11-20
FRA 71,28°37.37'W,09°43.20'N,2020-11-20
FRA 50,27°24.06'W,15°36.86'N,2020-11-20
FIN 222,26°48.23'W,15°55.88'N,2020-11-20
FRA 72,27°15.95'W,16°03.38'N,2020-11-20
FRA 83,27°18.05'W,17°08.61'N,2020-11-20
JPN 11,25°15.03'W,18°02.58'N,2020-11-20
FRA 56,28°48.19'W,17°52.07'N,2020-11-20
FRA 8,16°15.64'W,36°58.72'N,2020-11-20
FRA 59,27°27.84'W,22°09.30'S,2020-11-21
GBR 99,28°52.87'W,22°34.89'S,2020-11-21
FRA 79,28°42.50'W,21°38.95'S,2020-11-21
FRA 01,28°20.74'W,17°02.01'S,2020-11-21
FRA 85,31°25.03'W,17°52.72'S,2020-11-21
FRA 18,31°20.73'W,17°37.63'S,2020-11-21
MON 10,31°16.01'W,16°51.55'S,2020-11-21
FRA 17,30°34.82'W,16°13.62'S,2020-11-21
FRA 4,32°18.96'W,16°44.47'S,2020-11-21
FRA 109,31°36.35'W,15°59.11'S,2020-11-21
FRA 09,29°56.76'W,11°58.68'S,2020-11-21
FRA 1000,30°58.34'W,11°35.52'S,2020-11-21
ITA 34,32°07.98'W,11°23.27'S,2020-11-21
FRA 53,30°22.23'W,08°00.05'S,2020-11-21
FRA 27,30°34.84'W,06°06.16'S,2020-11-21
FRA 30,30°22.33'W,05°14.48'S,2020-11-21
FRA 49,30°24.30'W,05°14.67'S,2020-11-21
SUI 7,30°00.96'W,04°16.46'S,2020-11-21
FRA 92,30°06.40'W,00°09.04'S,2020-11-21
ESP 33,27°34.54'W,06°14.09'N,2020-11-21
GBR 777,28°55.66'W,06°00.37'N,2020-11-21
FRA 14,28°43.91'W,06°14.06'N,2020-11-21
FRA 71,28°13.35'W,06°56.66'N,2020-11-21
FRA 72,27°33.39'W,12°36.20'N,2020-11-21
FRA 50,27°44.87'W,12°36.91'N,2020-11-21
FIN 222,27°27.95'W,13°00.70'N,2020-11-21
FRA 83,27°30.81'W,13°03.29'N,2020-11-21
FRA 56,28°59.54'W,13°24.52'N,2020-11-21
JPN 11,27°11.86'W,15°59.17'N,2020-11-21
FRA 8,19°01.42'W,31°20.21'N,2020-11-21
FRA 59,23°45.61'W,26°20.16'S,2020-11-22
FRA 79,24°23.42'W,26°16.97'S,2020-11-22
GBR 99,26°59.28'W,25°06.69'S,2020-11-22
FRA 01,25°38.25'W,21°57.36'S,2020-11-22
FRA 85,28°02.94'W,23°12.45'S,2020-11-22
MON 10,28°30.70'W,22°40.07'S,2020-11-22
FRA 17,27°57.34'W,21°58.28'S,2020-11-22
FRA 4,29°27.53'W,22°54.16'S,2020-11-22
FRA 18,29°40.96'W,23°04.11'S,2020-11-22
FRA 109,29°36.98'W,21°53.91'S,2020-11-22
FRA 09,28°57.32'W,17°02.39'S,2020-11-22
FRA 1000,29°55.57'W,17°11.24'S,2020-11-22
ITA 34,30°56.79'W,17°43.42'S,2020-11-22
FRA 53,29°51.83'W,13°31.32'S,2020-11-22
FRA 27,30°06.91'W,12°51.99'S,2020-11-22
FRA 30,30°01.87'W,10°43.85'S,2020-11-22
FRA 49,30°13.30'W,10°37.23'S,2020-11-22
SUI 7,30°29.83'W,09°59.47'S,2020-11-22
FRA 92,30°38.93'W,05°14.40'S,2020-11-22
GBR 777,29°09.24'W,03°38.96'N,2020-11-22
ESP 33,28°13.94'W,03°51.90'N,2020-11-22
FRA 14,29°02.19'W,03°53.18'N,2020-11-22
FRA 71,28°58.90'W,04°25.76'N,2020-11-22
FRA 72,27°14.18'W,08°44.43'N,2020-11-22
FRA 83,27°50.29'W,08°41.70'N,2020-11-22
FRA 50,28°14.53'W,08°57.47'N,2020-11-22
FIN 222,27°30.85'W,09°19.78'N,2020-11-22
FRA 56,29°06.63'W,09°03.15'N,2020-11-22
JPN 11,29°10.68'W,13°59.64'N,2020-11-22
FRA 8,19°48.14'W,25°44.05'N,2020-11-22
FRA 79,21°00.52'W,29°50.98'S,2020-11-23
FRA 59,21°29.63'W,29°38.17'S,2020-11-23
FRA 01,23°20.15'W,25°36.23'S,2020-11-23
FRA 85,24°43.80'W,26°14.68'S,2020-11-23
GBR 99,26°06.02'W,26°06.47'S,2020-11-23
MON 10,25°32.58'W,25°26.39'S,2020-11-23
FRA 17,25°25.21'W,25°13.01'S,2020-11-23
FRA 18,26°44.58'W,26°06.65'S,2020-11-23
FRA 4,26°36.64'W,25°20.37'S,2020-11-23
FRA 109,27°18.42'W,24°56.05'S,2020-11-23
FRA 09,28°12.96'W,21°36.20'S,2020-11-23
FRA 1000,28°46.90'W,21°25.49'S,2020-11-23
ITA 34,29°17.75'W,21°38.05'S,2020-11-23
FRA 53,28°46.89'W,18°01.38'S,2020-11-23
FRA 27,28°48.62'W,17°33.62'S,2020-11-23
FRA 30,29°57.02'W,16°07.59'S,2020-11-23
FRA 49,30°25.58'W,15°45.55'S,2020-11-23
SUI 7,30°36.25'W,15°09.48'S,2020-11-23
FRA 92,30°41.72'W,10°11.33'S,2020-11-23
GBR 777,30°18.61'W,00°12.32'S,2020-11-23
ESP 33,29°22.04'W,00°15.83'N,2020-11-23
FRA 14,30°23.65'W,00°00.31'N,2020-11-23
FRA 71,30°11.46'W,00°46.25'N,2020-11-23
FRA 72,27°21.13'W,06°33.73'N,2020-11-23
FRA 50,28°31.13'W,06°21.20'N,2020-11-23
FRA 83,27°57.44'W,06°32.30'N,2020-11-23
FIN 222,27°06.97'W,06°42.89'N,2020-11-23
FRA 56,28°56.96'W,06°28.23'N,2020-11-23
JPN 11,28°39.78'W,09°23.89'N,2020-11-23
FRA 8,20°21.48'W,19°37.90'N,2020-11-23
FRA 79,17°38.15'W,33°01.66'S,2020-11-24
FRA 59,18°14.92'W,31°42.97'S,2020-11-24
FRA 01,20°50.29'W,28°54.04'S,2020-11-24
FRA 85,21°33.61'W,28°37.02'S,2020-11-24
FRA 17,22°44.23'W,27°56.51'S,2020-11-24
MON 10,22°44.34'W,27°56.18'S,2020-11-24
FRA 4,23°35.33'W,27°38.14'S,2020-11-24
GBR 99,25°34.71'W,27°46.82'S,2020-11-24
FRA 18,27°39.18'W,29°21.45'S,2020-11-24
FRA 109,26°56.20'W,28°05.13'S,2020-11-24
FRA 09,27°08.05'W,25°30.40'S,2020-11-24
FRA 1000,27°33.59'W,25°10.12'S,2020-11-24
ITA 34,28°08.91'W,25°16.15'S,2020-11-24
FRA 27,28°03.71'W,22°41.66'S,2020-11-24
FRA 53,27°33.58'W,21°59.56'S,2020-11-24
FRA 30,28°55.60'W,20°32.85'S,2020-11-24
FRA 49,30°16.72'W,20°45.58'S,2020-11-24
SUI 7,30°24.97'W,20°01.70'S,2020-11-24
FRA 92,30°35.93'W,15°17.81'S,2020-11-24
GBR 777,31°28.80'W,04°12.49'S,2020-11-24
FRA 14,31°56.26'W,04°18.02'S,2020-11-24
ESP 33,30°32.27'W,03°32.90'S,2020-11-24
FRA 71,31°28.63'W,03°34.89'S,2020-11-24
FRA 56,29°16.75'W,03°41.94'N,2020-11-24
FRA 72,27°50.51'W,04°11.61'N,2020-11-24
FRA 50,28°24.00'W,04°16.18'N,2020-11-24
FRA 83,27°54.09'W,04°28.91'N,2020-11-24
FIN 222,27°22.27'W,04°54.22'N,2020-11-24
JPN 11,29°02.35'W,08°00.77'N,2020-11-24
FRA 8,21°34.24'W,16°18.88'N,2020-11-24
FRA 79,15°49.79'W,36°59.41'S,2020-11-25
FRA 59,16°03.31'W,34°40.58'S,2020-11-25
FRA 01,19°42.99'W,30°42.29'S,2020-11-25
FRA 85,21°55.77'W,30°49.73'S,2020-11-25
MON 10,21°57.75'W,30°13.43'S,2020-11-25
FRA 17,21°55.51'W,30°08.11'S,2020-11-25
FRA 4,24°36.72'W,30°22.16'S,2020-11-25
GBR 99,26°40.17'W,31°00.97'S,2020-11-25
FRA 109,28°27.68'W,32°08.62'S,2020-11-25
FRA 18,28°35.78'W,32°07.12'S,2020-11-25
FRA 09,26°47.00'W,28°25.70'S,2020-11-25
FRA 1000,27°30.82'W,28°18.09'S,2020-11-25
ITA 34,28°30.07'W,28°22.76'S,2020-11-25
FRA 53,26°58.75'W,25°51.63'S,2020-11-25
FRA 27,27°21.77'W,25°37.85'S,2020-11-25
FRA 30,29°03.90'W,24°09.60'S,2020-11-25
FRA 49,30°01.76'W,25°09.51'S,2020-11-25
SUI 7,30°46.57'W,23°58.09'S,2020-11-25
FRA 92,30°15.51'W,20°32.23'S,2020-11-25
FRA 14,32°40.49'W,09°26.36'S,2020-11-25
ESP 33,31°31.81'W,08°24.46'S,2020-11-25
FRA 71,32°17.85'W,08°43.59'S,2020-11-25
GBR 777,32°32.49'W,08°36.73'S,2020-11-25
FRA 72,29°03.41'W,01°31.61'N,2020-11-25
FRA 50,29°02.97'W,01°40.28'N,2020-11-25
FRA 56,29°53.80'W,01°46.97'N,2020-11-25
FRA 83,28°33.52'W,02°10.19'N,2020-11-25
FIN 222,28°33.66'W,03°18.93'N,2020-11-25
JPN 11,28°59.33'W,06°22.08'N,2020-11-25
FRA 8,23°59.02'W,14°21.88'N,2020-11-25
FRA 79,13°32.86'W,38°30.81'S,2020-11-26
FRA 59,15°07.15'W,36°36.27'S,2020-11-26
FRA 01,17°28.95'W,32°22.49'S,2020-11-26
FRA 85,23°31.73'W,34°45.47'S,2020-11-26
MON 10,23°17.61'W,34°23.97'S,2020-11-26
FRA 17,23°19.59'W,34°24.60'S,2020-11-26
FRA 4,25°32.68'W,35°06.49'S,2020-11-26
GBR 99,26°55.92'W,34°51.44'S,2020-11-26
FRA 18,28°29.84'W,36°36.42'S,2020-11-26
FRA 109,28°19.65'W,36°12.76'S,2020-11-26
FRA 1000,27°24.32'W,33°09.46'S,2020-11-26
FRA 09,27°41.90'W,33°11.26'S,2020-11-26
ITA 34,27°38.64'W,33°06.35'S,2020-11-26
FRA 53,27°04.62'W,30°59.49'S,2020-11-26
FRA 27,27°39.89'W,31°41.32'S,2020-11-26
FRA 49,29°49.14'W,30°45.54'S,2020-11-26
FRA 30,29°01.41'W,29°13.14'S,2020-11-26
SUI 7,31°06.21'W,29°31.38'S,2020-11-26
FRA 92,30°08.97'W,25°49.80'S,2020-11-26
FRA 14,33°34.77'W,15°16.56'S,2020-11-26
FRA 71,33°29.13'W,14°23.92'S,2020-11-26
ESP 33,32°07.13'W,13°24.24'S,2020-11-26
GBR 777,32°44.46'W,13°26.00'S,2020-11-26
FRA 56,31°19.08'W,03°34.69'S,2020-11-26
FRA 72,30°13.89'W,02°52.74'S,2020-11-26
FRA 50,30°19.01'W,02°46.71'S,2020-11-26
FRA 83,28°59.37'W,02°00.36'S,2020-11-26
FIN 222,29°27.42'W,00°41.59'S,2020-11-26
JPN 11,29°15.21'W,02°47.71'N,2020-11-26
FRA 8,25°48.55'W,10°12.20'N,2020-11-26
FRA 79,09°11.14'W,41°31.42'S,2020-11-27
FRA 59,14°54.88'W,38°58.44'S,2020-11-27
FRA 01,14°48.81'W,36°17.48'S,2020-11-27
FRA 17,18°23.24'W,38°01.60'S,2020-11-27
FRA 85,18°38.56'W,37°55.75'S,2020-11-27
MON 10,19°15.10'W,37°36.47'S,2020-11-27
FRA 4,19°45.40'W,37°44.26'S,2020-11-27
FRA 18,21°04.71'W,39°28.58'S,2020-11-27
FRA 109,22°00.36'W,38°56.82'S,2020-11-27
ITA 34,21°46.01'W,36°52.65'S,2020-11-27
GBR 99,22°24.38'W,37°20.65'S,2020-11-27
FRA 1000,22°12.23'W,36°57.61'S,2020-11-27
FRA 09,23°14.23'W,37°02.85'S,2020-11-27
FRA 53,22°55.05'W,35°29.00'S,2020-11-27
FRA 27,23°15.34'W,35°36.17'S,2020-11-27
FRA 49,25°15.85'W,34°43.23'S,2020-11-27
FRA 30,25°14.08'W,33°58.23'S,2020-11-27
SUI 7,26°34.77'W,34°01.39'S,2020-11-27
FRA 92,28°53.91'W,31°02.54'S,2020-11-27
FRA 14,33°17.69'W,21°06.85'S,2020-11-27
FRA 71,34°05.79'W,19°46.80'S,2020-11-27
ESP 33,33°11.48'W,18°41.84'S,2020-11-27
GBR 777,33°18.96'W,17°57.05'S,2020-11-27
FRA 56,33°14.62'W,08°59.55'S,2020-11-27
FRA 72,31°58.67'W,07°30.41'S,2020-11-27
FRA 50,32°14.77'W,07°28.90'S,2020-11-27
FRA 83,30°28.97'W,06°18.45'S,2020-11-27
FIN 222,31°13.87'W,04°55.82'S,2020-11-27
JPN 11,30°18.54'W,01°24.77'S,2020-11-27
FRA 8,26°50.58'W,05°48.32'N,2020-11-27
FRA 79,00°58.15'W,41°04.17'S,2020-11-28
FRA 59,07°29.33'W,40°13.26'S,2020-11-28
FRA 01,07°32.34'W,37°13.73'S,2020-11-28
FRA 85,09°13.55'W,39°21.25'S,2020-11-28
FRA 17,09°34.52'W,39°21.98'S,2020-11-28
FRA 18,10°52.01'W,41°14.44'S,2020-11-28
FRA 4,09°59.98'W,38°52.42'S,2020-11-28
MON 10,10°16.58'W,39°06.87'S,2020-11-28
FRA 109,13°34.33'W,40°15.36'S,2020-11-28
FRA 1000,12°54.83'W,38°51.54'S,2020-11-28
ITA 34,13°02.91'W,38°22.02'S,2020-11-28
FRA 09,14°05.73'W,38°37.99'S,2020-11-28
FRA 53,14°53.36'W,37°28.47'S,2020-11-28
FRA 27,15°06.01'W,37°13.39'S,2020-11-28
GBR 99,16°10.49'W,37°49.33'S,2020-11-28
FRA 49,17°49.64'W,36°28.46'S,2020-11-28
FRA 30,18°50.84'W,36°11.25'S,2020-11-28
SUI 7,21°12.20'W,36°05.11'S,2020-11-28
FRA 92,25°56.67'W,33°46.50'S,2020-11-28
FRA 14,32°44.46'W,26°24.27'S,2020-11-28
FRA 71,33°53.34'W,25°14.89'S,2020-11-28
ESP 33,33°19.42'W,24°10.02'S,2020-11-28
GBR 777,33°44.08'W,22°44.97'S,2020-11-28
FRA 56,33°44.23'W,14°46.27'S,2020-11-28
FRA 72,33°19.33'W,12°28.27'S,2020-11-28
FRA 83,31°46.53'W,11°17.08'S,2020-11-28
FRA 50,33°42.06'W,12°18.59'S,2020-11-28
FIN 222,32°49.42'W,09°12.65'S,2020-11-28
JPN 11,31°24.54'W,05°29.45'S,2020-11-28
FRA 8,27°52.56'W,03°14.72'N,2020-11-28
FRA 79,08°14.75'E,38°21.32'S,2020-11-29
FRA 59,01°31.04'E,38°22.22'S,2020-11-29
FRA 01,00°26.05'E,38°21.83'S,2020-11-29
FRA 85,00°00.32'W,38°59.84'S,2020-11-29
FRA 17,00°24.19'W,37°57.42'S,2020-11-29
FRA 18,02°28.87'W,41°39.95'S,2020-11-29
FRA 4,01°05.99'W,38°13.67'S,2020-11-29
MON 10,01°42.83'W,38°10.01'S,2020-11-29
FRA 1000,04°21.32'W,40°08.84'S,2020-11-29
ITA 34,05°31.27'W,40°06.59'S,2020-11-29
FRA 109,06°03.86'W,40°56.16'S,2020-11-29
FRA 09,05°43.08'W,39°58.57'S,2020-11-29
FRA 27,07°40.85'W,40°07.70'S,2020-11-29
FRA 53,07°30.83'W,39°45.14'S,2020-11-29
GBR 99,09°35.24'W,38°59.37'S,2020-11-29
FRA 49,11°03.97'W,38°47.45'S,2020-11-29
FRA 30,12°35.87'W,39°02.54'S,2020-11-29
SUI 7,15°34.05'W,37°41.46'S,2020-11-29
FRA 92,24°49.89'W,36°41.20'S,2020-11-29
FRA 14,32°53.37'W,30°39.08'S,2020-11-29
FRA 71,33°33.79'W,29°59.93'S,2020-11-29
ESP 33,33°26.10'W,28°54.47'S,2020-11-29
GBR 777,34°22.02'W,27°45.66'S,2020-11-29
FRA 56,34°18.82'W,20°45.74'S,2020-11-29
FRA 83,32°38.68'W,16°35.74'S,2020-11-29
FRA 72,34°02.91'W,17°31.99'S,2020-11-29
FRA 50,34°25.67'W,17°10.40'S,2020-11-29
FIN 222,33°56.77'W,13°52.85'S,2020-11-29
JPN 11,33°04.74'W,10°56.71'S,2020-11-29
FRA 8,29°35.82'W,00°48.67'S,2020-11-29
FRA 79,15°33.54'E,40°06.74'S,2020-11-30
FRA 59,09°47.35'E,40°51.18'S,2020-11-30
FRA 85,09°10.53'E,40°54.62'S,2020-11-30
FRA 01,08°38.54'E,40°42.04'S,2020-11-30
FRA 18,06°55.15'E,44°02.73'S,2020-11-30
FRA 17,07°48.67'E,41°02.65'S,2020-11-30
FRA 4,07°01.87'E,41°13.62'S,2020-11-30
MON 10,06°29.46'E,40°43.28'S,2020-11-30
FRA 1000,04°23.43'E,42°08.65'S,2020-11-30
ITA 34,02°57.40'E,42°33.44'S,2020-11-30
FRA 09,02°43.18'E,42°14.40'S,2020-11-30
FRA 109,02°12.68'E,42°44.95'S,2020-11-30
FRA 27,01°07.85'E,42°55.34'S,2020-11-30
FRA 53,00°20.86'E,42°13.95'S,2020-11-30
GBR 99,01°42.86'W,40°12.85'S,2020-11-30
FRA 49,04°28.15'W,41°27.36'S,2020-11-30
FRA 30,06°37.96'W,41°55.86'S,2020-11-30
SUI 7,12°19.54'W,38°38.04'S,2020-11-30
FRA 92,20°34.46'W,39°52.07'S,2020-11-30
FRA 14,29°04.01'W,33°26.69'S,2020-11-30
FRA 71,29°33.36'W,33°16.05'S,2020-11-30
ESP 33,30°11.78'W,32°53.46'S,2020-11-30
GBR 777,31°52.37'W,32°31.56'S,2020-11-30
FRA 56,33°16.70'W,26°25.34'S,2020-11-30
FRA 83,33°02.48'W,21°57.41'S,2020-11-30
FRA 72,33°49.97'W,22°23.30'S,2020-11-30
FRA 50,34°08.54'W,21°54.65'S,2020-11-30
FIN 222,34°11.11'W,18°28.16'S,2020-11-30
JPN 11,33°14.20'W,16°55.34'S,2020-11-30
FRA 8,31°27.21'W,06°22.66'S,2020-11-30
FRA 79,23°02.23'E,41°55.67'S,2020-12-01
FRA 59,18°25.63'E,40°44.56'S,2020-12-01
FRA 18,16°37.56'E,44°32.60'S,2020-12-01
FRA 4,14°00.44'E,40°54.83'S,2020-12-01
FRA 1000,13°43.55'E,41°27.21'S,2020-12-01
MON 10,13°35.10'E,40°29.15'S,2020-12-01
FRA 01,13°18.06'E,40°03.04'S,2020-12-01
FRA 17,12°43.75'E,40°40.71'S,2020-12-01
ITA 34,12°07.49'E,42°29.01'S,2020-12-01
FRA 09,11°59.34'E,41°23.24'S,2020-12-01
FRA 109,10°44.48'E,43°21.00'S,2020-12-01
FRA 27,09°31.27'E,44°34.17'S,2020-12-01
FRA 53,07°37.95'E,44°09.14'S,2020-12-01
GBR 99,04°40.62'E,41°19.94'S,2020-12-01
FRA 49,01°27.28'E,43°29.15'S,2020-12-01
FRA 30,00°16.06'W,43°03.01'S,2020-12-01
SUI 7,08°44.55'W,40°17.12'S,2020-12-01
FRA 92,13°04.68'W,41°53.24'S,2020-12-01
FRA 14,23°27.16'W,36°10.78'S,2020-12-01
FRA 71,24°01.75'W,35°25.67'S,2020-12-01
ESP 33,25°08.74'W,35°43.64'S,2020-12-01
GBR 777,26°03.33'W,35°57.28'S,2020-12-01
FRA 56,29°19.19'W,30°27.75'S,2020-12-01
FRA 83,30°51.05'W,26°02.87'S,2020-12-01
FRA 72,31°40.45'W,26°20.52'S,2020-12-01
FRA 50,31°38.27'W,25°25.06'S,2020-12-01
JPN 11,32°03.68'W,22°39.59'S,2020-12-01
FIN 222,33°32.90'W,22°45.91'S,2020-12-01
FRA 8,33°37.73'W,13°11.84'S,2020-12-01
FRA 79,32°00.99'E,41°54.03'S,2020-12-02
FRA 18,26°04.70'E,43°42.10'S,2020-12-02
FRA 59,26°32.27'E,40°29.92'S,2020-12-02
FRA 4,21°00.24'E,41°45.63'S,2020-12-02
MON 10,21°12.02'E,40°06.62'S,2020-12-02
FRA 1000,20°39.73'E,41°20.89'S,2020-12-02
FRA 01,21°14.03'E,39°32.62'S,2020-12-02
FRA 17,20°14.67'E,40°47.45'S,2020-12-02
FRA 09,19°37.47'E,40°33.20'S,2020-12-02
ITA 34,18°44.10'E,40°40.78'S,2020-12-02
FRA 109,18°07.88'E,40°44.27'S,2020-12-02
FRA 27,17°46.60'E,40°41.96'S,2020-12-02
FRA 53,13°48.65'E,40°29.71'S,2020-12-02
FRA 49,08°49.29'E,42°37.46'S,2020-12-02
FRA 30,07°07.21'E,43°43.46'S,2020-12-02
GBR 99,08°36.92'E,39°28.91'S,2020-12-02
SUI 7,05°10.21'W,42°59.60'S,2020-12-02
FRA 92,05°49.43'W,43°25.69'S,2020-12-02
FRA 14,14°42.62'W,39°51.78'S,2020-12-02
FRA 71,15°57.86'W,38°19.48'S,2020-12-02
ESP 33,17°21.43'W,38°31.08'S,2020-12-02
GBR 777,18°01.45'W,38°37.96'S,2020-12-02
FRA 56,22°46.65'W,31°44.94'S,2020-12-02
FRA 83,27°19.43'W,28°25.13'S,2020-12-02
FRA 72,28°02.69'W,28°55.97'S,2020-12-02
FRA 50,27°54.00'W,28°12.08'S,2020-12-02
JPN 11,29°15.89'W,26°29.65'S,2020-12-02
FIN 222,31°05.89'W,26°34.29'S,2020-12-02
FRA 8,33°01.35'W,19°26.12'S,2020-12-02
FRA 79,39°19.76'E,37°59.56'S,2020-12-03
FRA 18,33°56.98'E,41°48.85'S,2020-12-03
FRA 59,33°59.44'E,38°39.75'S,2020-12-03
FRA 1000,29°06.79'E,40°53.74'S,2020-12-03
FRA 17,29°01.43'E,40°07.37'S,2020-12-03
FRA 01,29°26.13'E,38°56.01'S,2020-12-03
MON 10,29°14.20'E,39°10.52'S,2020-12-03
FRA 09,28°18.88'E,39°07.88'S,2020-12-03
FRA 27,26°33.08'E,40°16.14'S,2020-12-03
ITA 34,26°27.01'E,39°03.57'S,2020-12-03
FRA 53,22°09.53'E,41°18.80'S,2020-12-03
FRA 4,22°27.67'E,39°38.77'S,2020-12-03
FRA 109,20°21.26'E,38°37.26'S,2020-12-03
FRA 49,17°19.69'E,43°03.51'S,2020-12-03
FRA 30,15°27.34'E,43°47.58'S,2020-12-03
GBR 99,14°44.34'E,36°39.25'S,2020-12-03
FRA 92,02°12.79'E,43°43.35'S,2020-12-03
SUI 7,02°08.63'E,43°43.84'S,2020-12-03
FRA 14,05°16.22'W,42°46.44'S,2020-12-03
FRA 71,07°53.55'W,41°37.13'S,2020-12-03
ESP 33,09°16.50'W,41°07.94'S,2020-12-03
GBR 777,12°20.58'W,40°48.07'S,2020-12-03
FRA 56,17°09.08'W,32°49.93'S,2020-12-03
FRA 72,23°53.39'W,31°28.91'S,2020-12-03
FRA 83,23°46.55'W,30°25.19'S,2020-12-03
FRA 50,24°02.36'W,30°41.92'S,2020-12-03
FIN 222,26°53.75'W,29°30.82'S,2020-12-03
JPN 11,27°57.72'W,30°08.41'S,2020-12-03
FRA 8,31°27.22'W,23°16.23'S,2020-12-03
FRA 79,47°45.95'E,40°15.72'S,2020-12-04
FRA 18,43°22.40'E,41°56.79'S,2020-12-04
FRA 59,43°02.50'E,39°35.72'S,2020-12-04
FRA 17,38°36.84'E,40°00.39'S,2020-12-04
FRA 1000,38°19.43'E,40°23.47'S,2020-12-04
FRA 01,39°02.32'E,38°25.41'S,2020-12-04
FRA 09,37°24.21'E,39°04.31'S,2020-12-04
MON 10,37°31.73'E,38°24.67'S,2020-12-04
FRA 27,34°40.87'E,39°56.84'S,2020-12-04
ITA 34,35°11.44'E,38°49.37'S,2020-12-04
FRA 53,31°05.12'E,41°47.64'S,2020-12-04
FRA 49,24°05.77'E,42°17.91'S,2020-12-04
FRA 30,21°36.39'E,43°01.43'S,2020-12-04
FRA 4,20°24.54'E,37°13.25'S,2020-12-04
FRA 109,19°37.83'E,36°09.57'S,2020-12-04
SUI 7,09°17.69'E,44°14.09'S,2020-12-04
FRA 92,08°49.07'E,43°53.17'S,2020-12-04
FRA 14,04°22.67'E,43°31.63'S,2020-12-04
FRA 71,00°58.96'E,42°59.47'S,2020-12-04
ESP 33,03°10.67'W,40°33.11'S,2020-12-04
GBR 777,06°43.83'W,43°28.65'S,2020-12-04
FRA 56,13°32.30'W,34°14.46'S,2020-12-04
FRA 50,19°55.09'W,33°29.28'S,2020-12-04
FRA 72,20°46.37'W,34°23.26'S,2020-12-04
FRA 83,21°31.77'W,33°00.86'S,2020-12-04
FIN 222,22°34.88'W,32°12.34'S,2020-12-04
JPN 11,23°21.26'W,32°34.54'S,2020-12-04
FRA 8,28°18.32'W,27°28.50'S,2020-12-04
FRA 79,55°50.27'E,42°26.60'S,2020-12-05
FRA 59,51°39.72'E,40°34.65'S,2020-12-05
FRA 18,49°43.85'E,42°22.11'S,2020-12-05
FRA 1000,47°36.81'E,41°37.65'S,2020-12-05
FRA 17,47°37.14'E,41°32.31'S,2020-12-05
FRA 01,47°55.49'E,39°41.55'S,2020-12-05
FRA 09,46°34.15'E,39°05.11'S,2020-12-05
MON 10,45°40.47'E,38°53.97'S,2020-12-05
FRA 27,43°00.35'E,41°37.05'S,2020-12-05
ITA 34,43°38.93'E,40°14.29'S,2020-12-05
FRA 53,39°24.85'E,43°22.62'S,2020-12-05
FRA 49,29°17.34'E,43°43.18'S,2020-12-05
FRA 30,26°56.28'E,44°24.89'S,2020-12-05
SUI 7,16°03.81'E,44°07.20'S,2020-12-05
FRA 92,15°11.31'E,43°33.96'S,2020-12-05
FRA 14,13°32.90'E,43°53.05'S,2020-12-05
FRA 71,07°49.18'E,42°43.90'S,2020-12-05
ESP 33,01°28.48'E,42°36.21'S,2020-12-05
GBR 777,01°59.50'W,43°55.24'S,2020-12-05
FRA 56,12°00.19'W,36°13.71'S,2020-12-05
FRA 72,15°03.45'W,37°03.15'S,2020-12-05
FRA 50,14°48.28'W,35°47.65'S,2020-12-05
FRA 83,16°52.23'W,36°02.67'S,2020-12-05
FIN 222,17°56.00'W,34°15.58'S,2020-12-05
JPN 11,20°30.85'W,35°25.68'S,2020-12-05
FRA 8,26°55.01'W,32°04.33'S,2020-12-05
FRA 79,62°28.51'E,42°01.97'S,2020-12-06
FRA 18,56°48.66'E,43°27.93'S,2020-12-06
FRA 59,58°09.28'E,40°35.71'S,2020-12-06
FRA 1000,54°43.53'E,41°27.04'S,2020-12-06
FRA 17,54°33.29'E,40°32.46'S,2020-12-06
FRA 01,55°10.19'E,38°53.99'S,2020-12-06
MON 10,52°47.47'E,41°09.78'S,2020-12-06
FRA 09,53°08.57'E,40°21.29'S,2020-12-06
ITA 34,49°26.35'E,39°38.88'S,2020-12-06
FRA 27,49°35.27'E,38°56.70'S,2020-12-06
FRA 53,45°35.83'E,39°09.15'S,2020-12-06
FRA 49,36°21.29'E,42°47.21'S,2020-12-06
FRA 30,33°42.32'E,42°43.62'S,2020-12-06
SUI 7,18°18.15'E,44°20.51'S,2020-12-06
FRA 92,17°47.76'E,44°10.73'S,2020-12-06
FRA 14,16°56.11'E,44°27.08'S,2020-12-06
FRA 71,10°38.51'E,43°26.64'S,2020-12-06
ESP 33,06°34.03'E,43°10.90'S,2020-12-06
GBR 777,04°41.82'E,43°37.23'S,2020-12-06
FRA 56,06°02.96'W,37°56.42'S,2020-12-06
FRA 72,08°03.92'W,39°08.04'S,2020-12-06
FRA 50,08°25.25'W,37°50.62'S,2020-12-06
FRA 83,09°53.91'W,38°12.23'S,2020-12-06
FIN 222,12°22.28'W,36°13.18'S,2020-12-06
JPN 11,13°29.74'W,37°39.17'S,2020-12-06
FRA 8,21°50.32'W,36°10.66'S,2020-12-06
FRA 79,71°51.93'E,39°07.18'S,2020-12-07
FRA 59,68°05.95'E,38°25.55'S,2020-12-07
FRA 18,63°53.87'E,44°08.84'S,2020-12-07
FRA 17,63°52.95'E,39°56.85'S,2020-12-07
FRA 1000,62°26.32'E,42°24.99'S,2020-12-07
FRA 01,64°27.83'E,38°39.24'S,2020-12-07
FRA 09,61°03.04'E,40°11.41'S,2020-12-07
MON 10,59°36.75'E,39°41.64'S,2020-12-07
FRA 27,56°35.60'E,40°43.62'S,2020-12-07
ITA 34,56°31.58'E,38°03.42'S,2020-12-07
FRA 53,53°18.04'E,39°22.33'S,2020-12-07
FRA 49,45°19.80'E,41°39.91'S,2020-12-07
FRA 30,43°00.92'E,41°34.06'S,2020-12-07
SUI 7,24°03.93'E,44°46.85'S,2020-12-07
FRA 92,22°34.51'E,44°33.02'S,2020-12-07
FRA 14,22°18.42'E,44°30.26'S,2020-12-07
FRA 71,17°00.23'E,44°14.34'S,2020-12-07
ESP 33,13°10.55'E,44°11.84'S,2020-12-07
GBR 777,12°28.37'E,44°13.57'S,2020-12-07
FRA 56,00°00.56'E,39°19.44'S,2020-12-07
FRA 50,02°46.65'W,39°04.73'S,2020-12-07
FRA 72,03°51.51'W,40°21.19'S,2020-12-07
FRA 83,06°17.34'W,40°34.51'S,2020-12-07
FIN 222,07°39.79'W,37°30.98'S,2020-12-07
JPN 11,10°36.88'W,41°14.20'S,2020-12-07
FRA 8,17°15.90'W,40°52.42'S,2020-12-07
FRA 79,80°17.26'E,39°24.98'S,2020-12-08
FRA 59,75°15.86'E,37°49.53'S,2020-12-08
FRA 17,70°33.77'E,40°58.15'S,2020-12-08
FRA 18,68°27.39'E,44°15.87'S,2020-12-08
FRA 09,68°43.12'E,40°54.62'S,2020-12-08
FRA 01,69°10.16'E,39°03.36'S,2020-12-08
MON 10,67°57.03'E,40°27.87'S,2020-12-08
FRA 1000,67°26.67'E,40°50.68'S,2020-12-08
FRA 27,65°03.16'E,41°02.22'S,2020-12-08
ITA 34,64°26.60'E,38°35.93'S,2020-12-08
FRA 53,61°16.19'E,39°37.95'S,2020-12-08
FRA 49,54°08.44'E,41°15.40'S,2020-12-08
FRA 30,51°30.79'E,40°17.31'S,2020-12-08
SUI 7,28°44.82'E,43°22.22'S,2020-12-08
FRA 92,27°17.24'E,43°39.36'S,2020-12-08
FRA 14,27°13.91'E,43°35.45'S,2020-12-08
FRA 71,23°26.12'E,43°36.09'S,2020-12-08
ESP 33,19°27.33'E,44°43.22'S,2020-12-08
GBR 777,18°53.53'E,44°48.08'S,2020-12-08
FRA 56,01°24.24'E,42°42.30'S,2020-12-08
FRA 50,00°05.22'E,41°44.68'S,2020-12-08
FRA 72,00°16.53'W,42°33.30'S,2020-12-08
FRA 83,02°58.43'W,42°55.12'S,2020-12-08
JPN 11,05°54.25'W,43°29.14'S,2020-12-08
FIN 222,04°53.29'W,40°27.67'S,2020-12-08
FRA 8,11°02.10'W,42°14.49'S,2020-12-08
FRA 79,87°07.15'E,39°44.85'S,2020-12-09
FRA 59,81°49.39'E,38°42.96'S,2020-12-09
FRA 18,77°23.69'E,45°02.63'S,2020-12-09
FRA 17,77°56.83'E,42°02.07'S,2020-12-09
FRA 09,76°33.44'E,41°12.09'S,2020-12-09
FRA 01,75°58.21'E,40°11.47'S,2020-12-09
FRA 1000,75°30.60'E,40°54.63'S,2020-12-09
MON 10,75°36.31'E,40°40.38'S,2020-12-09
FRA 27,72°25.70'E,40°59.09'S,2020-12-09
ITA 34,71°25.78'E,40°17.16'S,2020-12-09
FRA 53,68°40.25'E,41°12.43'S,2020-12-09
FRA 49,61°38.67'E,43°11.50'S,2020-12-09
FRA 30,59°18.25'E,42°26.97'S,2020-12-09
SUI 7,32°21.54'E,41°30.24'S,2020-12-09
FRA 14,29°50.42'E,41°49.30'S,2020-12-09
FRA 92,29°47.78'E,41°45.54'S,2020-12-09
FRA 71,27°06.87'E,40°18.62'S,2020-12-09
ESP 33,24°41.25'E,44°26.04'S,2020-12-09
GBR 777,23°55.54'E,44°25.75'S,2020-12-09
FRA 56,07°14.74'E,42°02.96'S,2020-12-09
FRA 72,06°13.02'E,42°39.38'S,2020-12-09
FRA 50,05°35.00'E,41°54.22'S,2020-12-09
FRA 83,04°14.52'E,42°10.70'S,2020-12-09
JPN 11,02°40.17'E,42°57.32'S,2020-12-09
FIN 222,00°23.49'E,40°27.38'S,2020-12-09
FRA 8,02°10.06'W,40°49.58'S,2020-12-09
FRA 79,92°45.21'E,41°12.82'S,2020-12-10
FRA 59,88°35.44'E,39°34.23'S,2020-12-10
FRA 17,85°15.22'E,42°15.55'S,2020-12-10
FRA 18,83°52.67'E,45°08.34'S,2020-12-10
FRA 09,83°56.33'E,42°40.27'S,2020-12-10
FRA 01,83°17.68'E,42°44.52'S,2020-12-10
FRA 1000,83°00.66'E,42°18.72'S,2020-12-10
MON 10,82°54.45'E,41°54.01'S,2020-12-10
FRA 27,80°20.04'E,43°35.57'S,2020-12-10
ITA 34,79°18.55'E,43°15.53'S,2020-12-10
FRA 53,76°33.98'E,42°32.05'S,2020-12-10
FRA 49,69°54.94'E,44°01.89'S,2020-12-10
FRA 30,66°54.57'E,44°06.04'S,2020-12-10
SUI 7,38°57.14'E,40°25.22'S,2020-12-10
FRA 14,37°42.43'E,43°13.73'S,2020-12-10
FRA 92,37°31.37'E,42°33.81'S,2020-12-10
FRA 71,33°14.31'E,40°42.34'S,2020-12-10
ESP 33,30°30.32'E,43°10.38'S,2020-12-10
GBR 777,29°14.51'E,43°24.51'S,2020-12-10
FRA 56,14°29.94'E,41°05.61'S,2020-12-10
FRA 72,13°56.16'E,42°04.05'S,2020-12-10
FRA 50,13°25.82'E,41°55.79'S,2020-12-10
FRA 83,12°33.84'E,41°47.44'S,2020-12-10
JPN 11,11°21.38'E,42°19.75'S,2020-12-10
FIN 222,07°05.85'E,40°17.72'S,2020-12-10
FRA 8,06°05.70'E,39°09.99'S,2020-12-10
FRA 79,97°37.70'E,44°08.42'S,2020-12-11
FRA 59,95°37.99'E,43°09.43'S,2020-12-11
FRA 17,94°51.20'E,43°45.01'S,2020-12-11
FRA 09,92°55.72'E,42°39.91'S,2020-12-11
FRA 01,92°34.91'E,43°24.19'S,2020-12-11
FRA 18,91°47.25'E,45°24.67'S,2020-12-11
FRA 1000,92°24.18'E,43°02.85'S,2020-12-11
MON 10,92°18.01'E,42°29.87'S,2020-12-11
FRA 27,90°05.17'E,44°12.37'S,2020-12-11
ITA 34,88°26.64'E,43°44.18'S,2020-12-11
FRA 53,85°38.05'E,43°30.42'S,2020-12-11
FRA 49,78°16.25'E,44°43.50'S,2020-12-11
FRA 30,74°50.25'E,45°43.02'S,2020-12-11
SUI 7,44°42.96'E,39°28.29'S,2020-12-11
FRA 92,40°47.74'E,43°04.92'S,2020-12-11
FRA 14,40°45.56'E,42°52.60'S,2020-12-11
ESP 33,36°51.10'E,43°04.67'S,2020-12-11
GBR 777,35°50.78'E,43°47.95'S,2020-12-11
FRA 71,34°49.84'E,41°54.77'S,2020-12-11
FRA 72,20°35.62'E,42°01.73'S,2020-12-11
FRA 50,20°40.00'E,41°28.70'S,2020-12-11
JPN 11,19°21.74'E,41°46.33'S,2020-12-11
FRA 83,17°52.53'E,41°34.08'S,2020-12-11
FRA 56,17°32.93'E,37°09.79'S,2020-12-11
FRA 8,14°53.19'E,40°17.70'S,2020-12-11
FIN 222,13°54.95'E,41°21.81'S,2020-12-11
FRA 79,107°04.99'E,44°53.42'S,2020-12-12
FRA 59,105°17.48'E,44°22.68'S,2020-12-12
FRA 17,105°05.53'E,43°53.80'S,2020-12-12
FRA 01,102°23.61'E,43°11.15'S,2020-12-12
FRA 1000,102°18.71'E,42°56.73'S,2020-12-12
FRA 18,101°14.93'E,44°38.50'S,2020-12-12
FRA 09,102°19.63'E,41°30.43'S,2020-12-12
MON 10,100°41.58'E,42°09.22'S,2020-12-12
FRA 27,100°09.72'E,42°51.92'S,2020-12-12
ITA 34,97°57.99'E,43°18.09'S,2020-12-12
FRA 53,94°14.48'E,44°04.80'S,2020-12-12
FRA 49,84°19.33'E,47°22.01'S,2020-12-12
FRA 30,82°17.27'E,48°08.14'S,2020-12-12
SUI 7,53°01.58'E,41°37.34'S,2020-12-12
FRA 14,46°48.96'E,42°28.80'S,2020-12-12
FRA 92,46°18.05'E,41°47.10'S,2020-12-12
ESP 33,41°44.67'E,42°31.89'S,2020-12-12
GBR 777,41°39.21'E,43°01.49'S,2020-12-12
FRA 71,40°50.92'E,42°38.50'S,2020-12-12
FRA 50,26°13.57'E,43°09.14'S,2020-12-12
FRA 72,25°35.16'E,43°25.57'S,2020-12-12
JPN 11,24°58.82'E,44°22.74'S,2020-12-12
FRA 83,23°35.17'E,43°27.77'S,2020-12-12
FRA 8,21°51.33'E,42°35.07'S,2020-12-12
FIN 222,19°00.40'E,40°24.58'S,2020-12-12
FRA 79,116°06.40'E,45°17.35'S,2020-12-13
FRA 59,114°37.51'E,44°57.31'S,2020-12-13
FRA 17,114°34.95'E,44°32.62'S,2020-12-13
FRA 1000,110°09.11'E,44°08.51'S,2020-12-13
FRA 01,109°53.45'E,44°29.58'S,2020-12-13
FRA 09,111°00.47'E,42°28.50'S,2020-12-13
FRA 18,109°09.22'E,44°56.95'S,2020-12-13
MON 10,108°28.97'E,43°19.50'S,2020-12-13
FRA 27,107°44.64'E,43°58.37'S,2020-12-13
ITA 34,106°47.19'E,45°01.05'S,2020-12-13
FRA 53,102°52.02'E,44°51.46'S,2020-12-13
FRA 49,90°48.41'E,45°57.46'S,2020-12-13
FRA 30,89°57.22'E,47°25.45'S,2020-12-13
SUI 7,61°01.82'E,42°07.48'S,2020-12-13
FRA 14,54°35.69'E,42°14.26'S,2020-12-13
FRA 92,52°13.49'E,41°27.98'S,2020-12-13
GBR 777,46°07.75'E,42°20.24'S,2020-12-13
ESP 33,46°04.12'E,42°14.37'S,2020-12-13
FRA 71,45°12.50'E,42°00.76'S,2020-12-13
JPN 11,32°49.96'E,43°21.96'S,2020-12-13
FRA 72,32°37.45'E,43°18.59'S,2020-12-13
FRA 50,32°17.33'E,42°56.88'S,2020-12-13
FRA 83,31°23.39'E,43°27.02'S,2020-12-13
FRA 8,29°55.14'E,42°25.69'S,2020-12-13
FIN 222,25°01.53'E,40°35.77'S,2020-12-13
FRA 79,126°06.88'E,47°51.49'S,2020-12-14
FRA 59,124°43.49'E,47°26.51'S,2020-12-14
FRA 17,125°04.97'E,46°58.88'S,2020-12-14
FRA 1000,119°14.36'E,45°40.18'S,2020-12-14
FRA 01,119°05.39'E,45°52.54'S,2020-12-14
FRA 09,119°23.47'E,45°08.81'S,2020-12-14
FRA 18,118°27.59'E,45°39.08'S,2020-12-14
MON 10,116°58.90'E,45°19.73'S,2020-12-14
FRA 27,115°45.88'E,45°21.93'S,2020-12-14
ITA 34,114°41.35'E,45°44.17'S,2020-12-14
FRA 53,110°12.48'E,45°42.83'S,2020-12-14
FRA 30,97°34.28'E,46°39.21'S,2020-12-14
FRA 49,97°21.85'E,46°12.13'S,2020-12-14
SUI 7,65°27.20'E,43°32.32'S,2020-12-14
FRA 14,59°02.44'E,43°00.52'S,2020-12-14
FRA 92,56°26.67'E,41°43.42'S,2020-12-14
ESP 33,50°18.63'E,41°44.34'S,2020-12-14
GBR 777,50°07.50'E,41°44.14'S,2020-12-14
FRA 71,49°20.52'E,41°12.87'S,2020-12-14
JPN 11,39°22.79'E,43°03.03'S,2020-12-14
FRA 8,38°54.67'E,42°56.36'S,2020-12-14
FRA 72,38°33.84'E,43°23.32'S,2020-12-14
FRA 50,38°02.52'E,42°37.08'S,2020-12-14
FRA 83,37°34.36'E,42°51.92'S,2020-12-14
FIN 222,31°19.36'E,42°16.04'S,2020-12-14
FRA 59,131°59.61'E,51°10.14'S,2020-12-15
FRA 17,132°26.23'E,50°21.40'S,2020-12-15
FRA 79,130°33.38'E,48°45.93'S,2020-12-15
FRA 01,122°17.18'E,47°51.78'S,2020-12-15
FRA 18,122°18.10'E,47°49.22'S,2020-12-15
MON 10,122°16.79'E,47°50.13'S,2020-12-15
FRA 09,122°17.28'E,47°48.26'S,2020-12-15
FRA 1000,122°17.05'E,47°44.59'S,2020-12-15
FRA 27,121°00.17'E,46°49.11'S,2020-12-15
ITA 34,120°20.68'E,46°13.84'S,2020-12-15
FRA 53,115°23.43'E,45°55.72'S,2020-12-15
FRA 30,105°49.64'E,45°31.77'S,2020-12-15
FRA 49,104°47.61'E,45°20.42'S,2020-12-15
SUI 7,71°01.21'E,44°33.23'S,2020-12-15
FRA 14,66°08.72'E,44°37.26'S,2020-12-15
FRA 92,63°16.73'E,42°11.83'S,2020-12-15
GBR 777,59°19.17'E,43°01.24'S,2020-12-15
ESP 33,59°07.70'E,42°54.13'S,2020-12-15
FRA 71,57°32.99'E,42°21.30'S,2020-12-15
JPN 11,46°13.52'E,40°38.47'S,2020-12-15
FRA 8,45°18.31'E,39°40.53'S,2020-12-15
FRA 72,44°03.18'E,41°12.44'S,2020-12-15
FRA 50,43°59.62'E,41°10.10'S,2020-12-15
FRA 83,42°56.37'E,41°13.32'S,2020-12-15
FIN 222,37°16.96'E,43°18.09'S,2020-12-15
FRA 17,140°41.56'E,53°53.18'S,2020-12-16
FRA 59,140°38.38'E,53°14.54'S,2020-12-16
FRA 79,136°52.77'E,52°52.88'S,2020-12-16
FRA 01,130°30.22'E,49°24.23'S,2020-12-16
FRA 1000,129°29.89'E,49°52.71'S,2020-12-16
FRA 09,129°14.83'E,50°03.61'S,2020-12-16
MON 10,129°36.15'E,49°28.23'S,2020-12-16
FRA 18,127°49.36'E,50°36.66'S,2020-12-16
FRA 27,126°31.55'E,48°40.68'S,2020-12-16
ITA 34,125°59.08'E,48°24.68'S,2020-12-16
FRA 53,121°37.36'E,46°47.59'S,2020-12-16
FRA 30,114°34.24'E,44°58.35'S,2020-12-16
FRA 49,112°39.53'E,45°21.32'S,2020-12-16
SUI 7,81°05.76'E,44°05.34'S,2020-12-16
FRA 14,74°17.32'E,43°45.60'S,2020-12-16
FRA 92,69°46.72'E,43°42.72'S,2020-12-16
GBR 777,67°30.38'E,43°01.36'S,2020-12-16
ESP 33,67°40.95'E,42°33.18'S,2020-12-16
FRA 71,65°48.15'E,42°03.67'S,2020-12-16
FRA 8,53°18.93'E,39°18.04'S,2020-12-16
JPN 11,52°22.47'E,39°33.68'S,2020-12-16
FRA 50,50°28.62'E,40°21.99'S,2020-12-16
FRA 72,49°06.55'E,40°34.90'S,2020-12-16
FRA 83,48°46.96'E,40°45.46'S,2020-12-16
FIN 222,41°47.23'E,42°19.68'S,2020-12-16
FRA 17,152°57.15'E,55°28.90'S,2020-12-17
FRA 59,150°48.37'E,53°51.84'S,2020-12-17
FRA 79,149°24.05'E,54°58.24'S,2020-12-17
FRA 01,141°19.16'E,51°05.59'S,2020-12-17
MON 10,140°13.99'E,51°47.30'S,2020-12-17
FRA 1000,140°05.45'E,51°57.56'S,2020-12-17
FRA 09,139°11.57'E,52°03.46'S,2020-12-17
FRA 18,139°11.03'E,51°46.24'S,2020-12-17
FRA 27,137°12.40'E,49°49.93'S,2020-12-17
ITA 34,136°58.93'E,49°31.47'S,2020-12-17
FRA 53,130°24.75'E,49°19.82'S,2020-12-17
FRA 30,122°56.11'E,45°59.12'S,2020-12-17
FRA 49,120°54.62'E,46°00.98'S,2020-12-17
SUI 7,87°34.87'E,44°40.53'S,2020-12-17
FRA 14,80°53.90'E,42°58.60'S,2020-12-17
FRA 92,78°27.45'E,42°43.77'S,2020-12-17
GBR 777,75°59.33'E,43°10.86'S,2020-12-17
ESP 33,76°02.31'E,42°18.44'S,2020-12-17
FRA 71,74°24.76'E,41°50.24'S,2020-12-17
FRA 8,62°34.24'E,39°52.69'S,2020-12-17
JPN 11,60°14.26'E,39°38.97'S,2020-12-17
FRA 50,55°39.86'E,40°45.15'S,2020-12-17
FRA 83,53°49.76'E,42°13.23'S,2020-12-17
FRA 72,54°12.69'E,41°22.96'S,2020-12-17
FIN 222,48°42.92'E,42°16.45'S,2020-12-17
FRA 17,159°53.75'E,55°42.77'S,2020-12-18
FRA 79,158°33.72'E,55°26.58'S,2020-12-18
FRA 59,156°21.50'E,54°20.29'S,2020-12-18
FRA 01,151°45.63'E,51°53.92'S,2020-12-18
MON 10,150°43.70'E,52°56.55'S,2020-12-18
FRA 1000,150°19.31'E,52°53.35'S,2020-12-18
FRA 18,149°56.35'E,52°29.29'S,2020-12-18
FRA 09,149°04.17'E,53°24.77'S,2020-12-18
FRA 27,147°38.75'E,51°07.37'S,2020-12-18
ITA 34,147°01.46'E,50°36.56'S,2020-12-18
FRA 53,137°28.90'E,52°27.66'S,2020-12-18
FRA 30,128°01.18'E,49°58.47'S,2020-12-18
FRA 49,126°19.73'E,49°55.91'S,2020-12-18
SUI 7,95°26.48'E,43°05.47'S,2020-12-18
FRA 14,88°55.00'E,43°10.57'S,2020-12-18
FRA 92,86°35.35'E,42°34.99'S,2020-12-18
GBR 777,84°19.98'E,43°49.52'S,2020-12-18
ESP 33,83°18.90'E,43°24.08'S,2020-12-18
FRA 71,80°29.72'E,43°25.01'S,2020-12-18
FRA 8,68°58.17'E,42°09.96'S,2020-12-18
JPN 11,66°40.11'E,41°28.26'S,2020-12-18
FRA 50,62°45.09'E,41°56.37'S,2020-12-18
FRA 72,61°39.30'E,42°54.41'S,2020-12-18
FRA 83,61°06.81'E,42°56.47'S,2020-12-18
FIN 222,54°09.47'E,42°55.52'S,2020-12-18
FRA 17,169°02.31'E,54°54.20'S,2020-12-19
FRA 79,167°48.22'E,54°32.13'S,2020-12-19
FRA 59,165°24.83'E,54°15.89'S,2020-12-19
MON 10,158°26.72'E,55°26.78'S,2020-12-19
FRA 01,157°48.73'E,54°46.58'S,2020-12-19
FRA 09,156°44.54'E,55°34.66'S,2020-12-19
FRA 1000,156°28.63'E,55°33.37'S,2020-12-19
FRA 18,154°25.27'E,55°00.31'S,2020-12-19
FRA 27,154°38.69'E,53°58.03'S,2020-12-19
ITA 34,153°40.07'E,53°50.44'S,2020-12-19
FRA 53,144°53.66'E,54°14.93'S,2020-12-19
FRA 30,136°30.53'E,51°29.69'S,2020-12-19
FRA 49,134°47.93'E,50°43.56'S,2020-12-19
SUI 7,104°09.21'E,43°32.00'S,2020-12-19
FRA 14,95°04.77'E,45°51.69'S,2020-12-19
FRA 92,91°14.89'E,45°09.36'S,2020-12-19
GBR 777,90°08.92'E,45°59.55'S,2020-12-19
ESP 33,88°56.83'E,44°56.30'S,2020-12-19
FRA 71,86°07.40'E,44°52.52'S,2020-12-19
FRA 8,78°41.04'E,43°38.78'S,2020-12-19
JPN 11,74°59.57'E,43°01.85'S,2020-12-19
FRA 50,70°42.28'E,43°11.44'S,2020-12-19
FRA 83,69°54.50'E,43°00.19'S,2020-12-19
FRA 72,69°21.61'E,43°00.62'S,2020-12-19
FIN 222,59°15.41'E,42°35.87'S,2020-12-19
FRA 17,179°56.63'E,55°34.53'S,2020-12-20
FRA 79,176°18.49'E,55°50.01'S,2020-12-20
FRA 59,175°00.03'E,55°08.11'S,2020-12-20
MON 10,167°53.57'E,56°17.02'S,2020-12-20
FRA 01,166°31.16'E,55°55.01'S,2020-12-20
FRA 09,165°01.47'E,56°09.60'S,2020-12-20
FRA 1000,164°11.47'E,55°52.76'S,2020-12-20
FRA 27,162°04.18'E,56°05.46'S,2020-12-20
ITA 34,159°33.31'E,56°08.02'S,2020-12-20
FRA 18,158°53.24'E,54°44.64'S,2020-12-20
FRA 53,155°45.54'E,54°41.34'S,2020-12-20
FRA 30,147°04.22'E,53°45.48'S,2020-12-20
FRA 49,144°43.41'E,52°46.78'S,2020-12-20
SUI 7,110°48.77'E,44°58.36'S,2020-12-20
FRA 14,102°38.36'E,45°02.62'S,2020-12-20
GBR 777,99°47.19'E,45°46.02'S,2020-12-20
FRA 92,99°28.59'E,44°09.33'S,2020-12-20
ESP 33,97°09.06'E,45°13.92'S,2020-12-20
FRA 71,93°51.54'E,44°53.31'S,2020-12-20
FRA 8,88°42.18'E,44°10.19'S,2020-12-20
JPN 11,84°26.76'E,44°04.07'S,2020-12-20
FRA 50,77°12.46'E,43°40.50'S,2020-12-20
FRA 83,75°46.12'E,44°56.94'S,2020-12-20
FRA 72,75°22.87'E,44°17.15'S,2020-12-20
FIN 222,64°37.37'E,42°22.29'S,2020-12-20
FRA 17,171°55.36'W,55°37.48'S,2020-12-21
FRA 79,175°02.98'W,54°48.71'S,2020-12-21
FRA 59,176°09.21'W,54°35.70'S,2020-12-21
MON 10,177°12.98'E,56°13.95'S,2020-12-21
FRA 01,176°27.19'E,55°57.92'S,2020-12-21
FRA 09,175°24.22'E,56°31.15'S,2020-12-21
FRA 1000,173°08.22'E,56°20.67'S,2020-12-21
FRA 27,171°16.52'E,56°23.10'S,2020-12-21
ITA 34,170°54.12'E,56°24.03'S,2020-12-21
FRA 53,166°37.08'E,56°21.90'S,2020-12-21
FRA 18,161°10.99'E,56°04.92'S,2020-12-21
FRA 30,158°02.72'E,55°14.45'S,2020-12-21
FRA 49,154°51.97'E,54°13.37'S,2020-12-21
SUI 7,116°12.37'E,44°06.81'S,2020-12-21
FRA 14,110°20.60'E,44°28.21'S,2020-12-21
GBR 777,108°36.24'E,44°47.35'S,2020-12-21
FRA 92,106°52.38'E,43°51.94'S,2020-12-21
ESP 33,105°52.36'E,44°59.09'S,2020-12-21
FRA 71,102°27.22'E,44°32.45'S,2020-12-21
FRA 8,97°37.69'E,44°55.62'S,2020-12-21
JPN 11,90°55.03'E,45°29.78'S,2020-12-21
FRA 50,82°31.91'E,44°54.85'S,2020-12-21
FRA 83,81°10.74'E,46°36.22'S,2020-12-21
FRA 72,80°38.67'E,45°41.57'S,2020-12-21
FIN 222,71°23.79'E,42°30.52'S,2020-12-21
FRA 17,164°09.67'W,55°10.17'S,2020-12-22
FRA 79,166°42.67'W,55°29.70'S,2020-12-22
FRA 59,168°45.69'W,54°30.93'S,2020-12-22
MON 10,172°44.70'W,54°13.32'S,2020-12-22
FRA 01,174°31.20'W,53°51.85'S,2020-12-22
FRA 09,175°19.57'W,55°05.30'S,2020-12-22
FRA 1000,177°30.21'W,55°21.90'S,2020-12-22
FRA 27,178°29.23'W,55°45.00'S,2020-12-22
ITA 34,179°38.48'W,55°44.30'S,2020-12-22
FRA 53,176°49.85'E,56°11.29'S,2020-12-22
FRA 18,171°50.55'E,56°19.75'S,2020-12-22
FRA 30,167°53.73'E,55°38.69'S,2020-12-22
FRA 49,164°06.39'E,54°53.12'S,2020-12-22
SUI 7,124°27.30'E,47°02.31'S,2020-12-22
FRA 14,119°18.05'E,45°31.29'S,2020-12-22
GBR 777,117°07.46'E,45°36.40'S,2020-12-22
FRA 92,115°02.16'E,44°51.03'S,2020-12-22
ESP 33,113°16.33'E,45°51.21'S,2020-12-22
FRA 71,108°41.03'E,45°35.60'S,2020-12-22
FRA 8,103°28.81'E,44°51.74'S,2020-12-22
JPN 11,98°02.24'E,46°05.32'S,2020-12-22
FRA 50,88°26.04'E,45°00.22'S,2020-12-22
FRA 83,86°43.97'E,47°38.37'S,2020-12-22
FRA 72,85°48.38'E,46°30.60'S,2020-12-22
FIN 222,77°04.16'E,44°45.65'S,2020-12-22
FRA 17,157°17.53'W,53°17.60'S,2020-12-23
FRA 79,160°17.95'W,55°02.25'S,2020-12-23
FRA 59,162°20.84'W,52°58.90'S,2020-12-23
MON 10,167°19.80'W,52°52.79'S,2020-12-23
FRA 09,167°43.50'W,53°32.06'S,2020-12-23
FRA 01,167°39.88'W,52°57.86'S,2020-12-23
FRA 1000,168°15.94'W,54°28.23'S,2020-12-23
FRA 27,168°36.75'W,54°26.75'S,2020-12-23
ITA 34,169°30.56'W,55°10.37'S,2020-12-23
FRA 53,173°13.98'W,55°46.15'S,2020-12-23
FRA 18,178°38.32'E,56°32.55'S,2020-12-23
FRA 30,171°18.51'E,53°47.49'S,2020-12-23
FRA 49,168°50.72'E,53°41.69'S,2020-12-23
SUI 7,133°14.04'E,50°08.14'S,2020-12-23
FRA 14,126°44.80'E,48°20.59'S,2020-12-23
GBR 777,124°39.64'E,48°04.26'S,2020-12-23
FRA 92,120°19.44'E,46°01.30'S,2020-12-23
ESP 33,117°46.03'E,45°47.00'S,2020-12-23
FRA 71,113°00.25'E,45°45.00'S,2020-12-23
FRA 8,112°26.94'E,45°36.72'S,2020-12-23
JPN 11,108°51.69'E,45°41.32'S,2020-12-23
FRA 50,94°28.76'E,47°14.43'S,2020-12-23
FRA 83,93°07.49'E,47°32.05'S,2020-12-23
FRA 72,91°50.82'E,46°41.52'S,2020-12-23
FIN 222,83°56.40'E,44°42.13'S,2020-12-23
FRA 17,150°36.77'W,51°32.36'S,2020-12-24
FRA 79,151°58.60'W,55°00.33'S,2020-12-24
FRA 59,158°21.87'W,51°09.88'S,2020-12-24
MON 10,161°42.93'W,54°05.03'S,2020-12-24
FRA 01,161°44.27'W,54°06.77'S,2020-12-24
FRA 09,161°49.09'W,53°56.49'S,2020-12-24
FRA 1000,162°08.32'W,54°29.25'S,2020-12-24
FRA 27,162°20.56'W,54°35.75'S,2020-12-24
ITA 34,163°09.94'W,54°48.42'S,2020-12-24
FRA 53,164°12.51'W,55°22.41'S,2020-12-24
FRA 18,171°13.82'W,56°11.06'S,2020-12-24
FRA 30,178°06.30'E,54°12.31'S,2020-12-24
FRA 49,174°15.02'E,54°07.32'S,2020-12-24
SUI 7,141°50.78'E,52°52.50'S,2020-12-24
FRA 14,133°16.71'E,50°56.66'S,2020-12-24
GBR 777,132°14.11'E,50°28.33'S,2020-12-24
FRA 92,127°18.72'E,46°16.39'S,2020-12-24
ESP 33,125°00.45'E,45°09.63'S,2020-12-24
FRA 8,123°32.13'E,46°00.01'S,2020-12-24
FRA 71,121°11.70'E,45°53.65'S,2020-12-24
JPN 11,118°25.15'E,45°32.43'S,2020-12-24
FRA 50,102°59.39'E,45°31.37'S,2020-12-24
FRA 83,102°09.33'E,45°21.34'S,2020-12-24
FRA 72,98°37.78'E,45°45.99'S,2020-12-24
FIN 222,90°38.62'E,43°44.95'S,2020-12-24
FRA 79,147°00.91'W,53°04.23'S,2020-12-25
FRA 17,145°25.30'W,49°15.44'S,2020-12-25
MON 10,153°58.21'W,54°54.68'S,2020-12-25
FRA 01,154°06.50'W,54°44.07'S,2020-12-25
FRA 1000,154°33.13'W,54°37.73'S,2020-12-25
FRA 27,154°47.28'W,54°36.14'S,2020-12-25
FRA 59,153°58.44'W,51°45.89'S,2020-12-25
FRA 09,154°53.30'W,54°18.30'S,2020-12-25
ITA 34,155°43.00'W,54°41.28'S,2020-12-25
FRA 53,156°25.54'W,54°51.33'S,2020-12-25
FRA 18,160°54.71'W,55°39.34'S,2020-12-25
FRA 30,174°43.32'W,53°40.83'S,2020-12-25
FRA 49,179°20.67'W,53°09.71'S,2020-12-25
SUI 7,150°43.62'E,53°46.54'S,2020-12-25
FRA 14,143°23.86'E,51°04.09'S,2020-12-25
GBR 777,142°36.78'E,51°00.65'S,2020-12-25
FRA 92,136°14.82'E,45°31.84'S,2020-12-25
FRA 8,134°58.16'E,45°59.54'S,2020-12-25
ESP 33,133°46.35'E,45°16.19'S,2020-12-25
JPN 11,123°07.60'E,48°39.39'S,2020-12-25
FRA 71,128°16.47'E,43°13.89'S,2020-12-25
FRA 50,110°01.20'E,45°40.76'S,2020-12-25
FRA 83,108°25.38'E,44°39.66'S,2020-12-25
FRA 72,103°45.42'E,44°46.33'S,2020-12-25
FIN 222,96°18.72'E,44°51.97'S,2020-12-25