id;date;longitude;latitude
FRA 18;2020-11-08;-1.84133333333333;46.4076666666667
MON 10;2020-11-08;-1.83033333333333;46.4056666666667
FRA 8;2020-11-08;-1.83316666666667;46.4151666666667
FRA 59;2020-11-08;-1.828;46.4118333333333
FRA 53;2020-11-08;-1.826;46.4098333333333
FRA 56;2020-11-08;-1.83116666666667;46.4198333333333
FRA 01;2020-11-08;-1.82483333333333;46.415
GBR 99;2020-11-08;-1.82416666666667;46.4201666666667
GBR 777;2020-11-08;-1.82266666666667;46.4203333333333
FRA 85;2020-11-08;-1.82033333333333;46.419
FRA 92;2020-11-08;-1.81916666666667;46.4175
FRA 49;2020-11-08;-1.8215;46.421
FRA 1000;2020-11-08;-1.817;46.414
FRA 83;2020-11-08;-1.81533333333333;46.4148333333333
FRA 109;2020-11-08;-1.82266666666667;46.427
FRA 17;2020-11-08;-1.81516666666667;46.419
ITA 34;2020-11-08;-1.81816666666667;46.4255
JPN 11;2020-11-08;-1.81666666666667;46.4236666666667
FRA 6;2020-11-08;-1.81983333333333;46.43
FRA 71;2020-11-08;-1.81;46.4193333333333
FRA 30;2020-11-08;-1.81716666666667;46.4296666666667
SUI 7;2020-11-08;-1.816;46.4286666666667
33 ESP;2020-11-08;-1.81416666666667;46.4265
FRA 09;2020-11-08;-1.81233333333333;46.4245
FRA 72;2020-11-08;-1.81533333333333;46.4305
FRA 27;2020-11-08;-1.80366666666667;46.4163333333333
FRA 4;2020-11-08;-1.81216666666667;46.4291666666667
FRA 50;2020-11-08;-1.80566666666667;46.4231666666667
FIN 222;2020-11-08;-1.8035;46.4275
FRA 1000;2020-11-09;-7.59766666666667;45.3025
FRA 53;2020-11-09;-7.80733333333333;45.4485
FRA 01;2020-11-09;-7.80583333333333;45.5095
FRA 49;2020-11-09;-7.58783333333333;45.4913333333333
FRA 09;2020-11-09;-7.70683333333333;45.5346666666667
FRA 6;2020-11-09;-8.86133333333333;45.9301666666667
FRA 109;2020-11-09;-8.426;45.9358333333333
FRA 92;2020-11-09;-7.56566666666667;45.682
FRA 8;2020-11-09;-8.91466666666667;46.0916666666667
GBR 99;2020-11-09;-8.346;45.9776666666667
FRA 17;2020-11-09;-8.294;46.0033333333333
FRA 79;2020-11-09;-8.8175;46.17
FRA 85;2020-11-09;-8.7365;46.1491666666667
FRA 30;2020-11-09;-8.25966666666667;46.0555
FRA 27;2020-11-09;-8.30683333333333;46.0806666666667
MON 10;2020-11-09;-8.57733333333333;46.1708333333333
FRA 59;2020-11-09;-9.1165;46.3438333333333
33 ESP;2020-11-09;-7.2545;45.7946666666667
FRA 4;2020-11-09;-8.63533333333333;46.2181666666667
FRA 71;2020-11-09;-7.42983333333333;45.9043333333333
FRA 50;2020-11-09;-7.428;46.0238333333333
FRA 18;2020-11-09;-8.91733333333333;46.4671666666667
ITA 34;2020-11-09;-8.30466666666667;46.3331666666667
GBR 777;2020-11-09;-7.41766666666667;46.083
FIN 222;2020-11-09;-6.91983333333333;45.9908333333333
SUI 7;2020-11-09;-8.21766666666667;46.514
FRA 83;2020-11-09;-6.92683333333333;46.1163333333333
FRA 72;2020-11-09;-7.31783333333333;46.376
FRA 14;2020-11-09;-7.86716666666667;46.5573333333333
JPN 11;2020-11-09;-8.51933333333333;46.7913333333333
FRA 56;2020-11-09;-1.79033333333333;46.5021666666667
FRA 09;2020-11-10;-10.2396666666667;42.4225
FRA 53;2020-11-10;-10.1043333333333;42.4045
FRA 01;2020-11-10;-10.3846666666667;42.5446666666667
FRA 6;2020-11-10;-10.4221666666667;42.5908333333333
FRA 1000;2020-11-10;-10.5338333333333;42.6676666666667
FRA 49;2020-11-10;-10.2176666666667;42.5961666666667
FRA 8;2020-11-10;-12.3681666666667;43.4095
FRA 79;2020-11-10;-12.5963333333333;43.563
FRA 85;2020-11-10;-12.2125;43.4821666666667
FRA 17;2020-11-10;-9.6965;42.915
FRA 92;2020-11-10;-9.6225;42.8948333333333
FRA 109;2020-11-10;-11.679;43.5176666666667
33 ESP;2020-11-10;-9.65;43.0231666666667
FRA 71;2020-11-10;-9.43366666666667;43.0713333333333
FRA 4;2020-11-10;-12.8326666666667;44.0055
FRA 27;2020-11-10;-10.7238333333333;43.6038333333333
GBR 99;2020-11-10;-12.6573333333333;44.1655
FRA 30;2020-11-10;-12.0828333333333;44.0368333333333
MON 10;2020-11-10;-12.7018333333333;44.2096666666667
FRA 83;2020-11-10;-9.9805;43.5498333333333
FIN 222;2020-11-10;-9.88516666666667;43.5751666666667
FRA 59;2020-11-10;-13.6225;44.5206666666667
SUI 7;2020-11-10;-11.0436666666667;43.9666666666667
FRA 50;2020-11-10;-10.4921666666667;43.9331666666667
GBR 777;2020-11-10;-10.2153333333333;43.9115
FRA 18;2020-11-10;-13.512;44.7041666666667
ITA 34;2020-11-10;-12.2763333333333;44.5228333333333
FRA 14;2020-11-10;-9.05266666666667;43.8581666666667
JPN 11;2020-11-10;-11.5593333333333;44.6891666666667
FRA 72;2020-11-10;-10.4798333333333;44.5215
FRA 56;2020-11-10;-1.79033333333333;46.5021666666667
FRA 53;2020-11-11;-15.7915;40.6033333333333
FRA 09;2020-11-11;-16.1621666666667;40.8041666666667
FRA 01;2020-11-11;-16.2213333333333;40.8495
FRA 79;2020-11-11;-18.1685;41.1895
FRA 59;2020-11-11;-19.4148333333333;41.3608333333333
FRA 6;2020-11-11;-17.0073333333333;41.0346666666667
GBR 99;2020-11-11;-18.2918333333333;41.2468333333333
FRA 85;2020-11-11;-18.1318333333333;41.2751666666667
FRA 17;2020-11-11;-15.5473333333333;40.8775
FRA 1000;2020-11-11;-16.6828333333333;41.195
FRA 4;2020-11-11;-19.187;41.5493333333333
FRA 49;2020-11-11;-16.0531666666667;41.1046666666667
FRA 109;2020-11-11;-17.7308333333333;41.4075
FRA 18;2020-11-11;-19.1605;41.594
FRA 92;2020-11-11;-14.4461666666667;41.0348333333333
MON 10;2020-11-11;-18.5426666666667;41.8041666666667
ITA 34;2020-11-11;-17.3938333333333;41.6463333333333
FRA 30;2020-11-11;-17.6373333333333;41.6905
FRA 71;2020-11-11;-13.8475;41.2083333333333
SUI 7;2020-11-11;-16.818;41.8316666666667
33 ESP;2020-11-11;-13.8986666666667;41.5696666666667
FRA 27;2020-11-11;-14.3603333333333;41.671
JPN 11;2020-11-11;-16.0876666666667;42.2153333333333
FRA 50;2020-11-11;-15.5643333333333;42.2771666666667
FRA 14;2020-11-11;-14.5803333333333;42.091
FRA 83;2020-11-11;-12.8696666666667;41.7275
FIN 222;2020-11-11;-15.2946666666667;42.3628333333333
GBR 777;2020-11-11;-14.9848333333333;42.3891666666667
FRA 8;2020-11-11;-15.6023333333333;42.8791666666667
FRA 72;2020-11-11;-14.8595;43.0265
FRA 56;2020-11-11;-5.4565;45.0368333333333
GBR 99;2020-11-12;-22.7716666666667;37.8763333333333
FRA 01;2020-11-12;-21.604;37.8726666666667
FRA 09;2020-11-12;-21.5788333333333;38.0185
FRA 59;2020-11-12;-23.8211666666667;38.144
FRA 79;2020-11-12;-23.782;38.1458333333333
FRA 6;2020-11-12;-22.3021666666667;38.1613333333333
FRA 85;2020-11-12;-23.4875;38.3066666666667
FRA 109;2020-11-12;-22.1336666666667;38.2838333333333
FRA 53;2020-11-12;-21.3246666666667;38.4061666666667
FRA 4;2020-11-12;-21.9206666666667;38.4766666666667
FRA 49;2020-11-12;-21.1331666666667;38.445
FRA 1000;2020-11-12;-21.5196666666667;38.5841666666667
FRA 30;2020-11-12;-21.1558333333333;38.6208333333333
FRA 17;2020-11-12;-20.9771666666667;38.6865
MON 10;2020-11-12;-21.3268333333333;38.94
ITA 34;2020-11-12;-21.0048333333333;38.9611666666667
FRA 18;2020-11-12;-21.3941666666667;39.2671666666667
SUI 7;2020-11-12;-20.2558333333333;39.3386666666667
FRA 92;2020-11-12;-19.5053333333333;39.626
33 ESP;2020-11-12;-18.373;39.6028333333333
JPN 11;2020-11-12;-19.8053333333333;39.8391666666667
FRA 27;2020-11-12;-19.3013333333333;39.8016666666667
FRA 71;2020-11-12;-18.7926666666667;39.8293333333333
FRA 14;2020-11-12;-19.1466666666667;40.0161666666667
GBR 777;2020-11-12;-19.0425;40.1318333333333
FRA 50;2020-11-12;-19.0698333333333;40.1586666666667
FIN 222;2020-11-12;-18.4651666666667;40.2538333333333
FRA 83;2020-11-12;-16.1425;40.2963333333333
FRA 72;2020-11-12;-18.0771666666667;41.1445
FRA 8;2020-11-12;-11.6988333333333;44.3488333333333
FRA 56;2020-11-12;-7.63133333333333;43.8828333333333
GBR 99;2020-11-13;-25.8128333333333;32.5603333333333
FRA 01;2020-11-13;-25.3645;33.0075
FRA 6;2020-11-13;-25.1811666666667;33.3623333333333
FRA 59;2020-11-13;-26.2501666666667;33.4373333333333
FRA 85;2020-11-13;-26.1793333333333;33.496
FRA 09;2020-11-13;-25.1931666666667;33.7006666666667
FRA 79;2020-11-13;-27.0866666666667;33.659
FRA 109;2020-11-13;-25.3093333333333;33.9975
FRA 53;2020-11-13;-24.865;34.1206666666667
FRA 1000;2020-11-13;-24.9891666666667;34.253
FRA 49;2020-11-13;-24.6361666666667;34.363
FRA 17;2020-11-13;-24.3958333333333;34.3901666666667
MON 10;2020-11-13;-24.56;34.3945
FRA 18;2020-11-13;-24.227;34.5268333333333
FRA 4;2020-11-13;-24.999;35.1833333333333
FRA 30;2020-11-13;-25.2375;35.2975
ITA 34;2020-11-13;-24.3408333333333;35.3495
SUI 7;2020-11-13;-23.5805;35.5868333333333
JPN 11;2020-11-13;-22.4048333333333;36.4093333333333
FRA 92;2020-11-13;-22.5733333333333;36.4551666666667
FRA 27;2020-11-13;-21.8133333333333;36.7848333333333
FRA 14;2020-11-13;-22.007;37.2698333333333
FRA 71;2020-11-13;-21.8798333333333;37.4306666666667
33 ESP;2020-11-13;-20.4535;37.6261666666667
GBR 777;2020-11-13;-22.0121666666667;37.9161666666667
FRA 50;2020-11-13;-21.7465;38.2585
FIN 222;2020-11-13;-21.3956666666667;38.38
FRA 72;2020-11-13;-19.8373333333333;38.8443333333333
FRA 83;2020-11-13;-18.8676666666667;38.7771666666667
FRA 56;2020-11-13;-10.2183333333333;42.3411666666667
FRA 8;2020-11-13;-6.10783333333333;45.6233333333333
FRA 01;2020-11-14;-28.408;27.285
GBR 99;2020-11-14;-30.2578333333333;27.382
FRA 09;2020-11-14;-26.9031666666667;27.8611666666667
FRA 85;2020-11-14;-29.1678333333333;28.4206666666667
FRA 1000;2020-11-14;-27.9278333333333;28.5956666666667
FRA 18;2020-11-14;-26.4093333333333;28.8383333333333
FRA 59;2020-11-14;-29.5243333333333;28.5861666666667
MON 10;2020-11-14;-26.8878333333333;28.9275
FRA 17;2020-11-14;-27.5158333333333;29.129
FRA 109;2020-11-14;-28.9403333333333;29.1618333333333
FRA 6;2020-11-14;-28.6661666666667;29.3058333333333
FRA 53;2020-11-14;-26.87;29.4671666666667
FRA 49;2020-11-14;-27.3658333333333;29.4473333333333
FRA 4;2020-11-14;-26.0028333333333;29.5915
FRA 79;2020-11-14;-31.1415;29.0381666666667
SUI 7;2020-11-14;-26.6163333333333;30.5465
ITA 34;2020-11-14;-27.5158333333333;30.4951666666667
FRA 30;2020-11-14;-27.6721666666667;31.1268333333333
JPN 11;2020-11-14;-22.9261666666667;31.1888333333333
FRA 27;2020-11-14;-22.476;31.1638333333333
FRA 92;2020-11-14;-26.0191666666667;32.0213333333333
FRA 14;2020-11-14;-25.0316666666667;32.9766666666667
33 ESP;2020-11-14;-21.7338333333333;33.4573333333333
GBR 777;2020-11-14;-21.885;33.5191666666667
FRA 71;2020-11-14;-24.0093333333333;34.034
FRA 50;2020-11-14;-22.5478333333333;36.6718333333333
FIN 222;2020-11-14;-22.6803333333333;36.6886666666667
FRA 72;2020-11-14;-20.689;37.1488333333333
FRA 83;2020-11-14;-18.4598333333333;37.3061666666667
FRA 56;2020-11-14;-13.1463333333333;39.6591666666667
FRA 8;2020-11-14;-1.79083333333333;46.5018333333333
GBR 99;2020-11-15;-29.8621666666667;20.974
FRA 01;2020-11-15;-28.1563333333333;21.9606666666667
FRA 59;2020-11-15;-29.3896666666667;23.2166666666667
FRA 09;2020-11-15;-27.7821666666667;23.6788333333333
FRA 85;2020-11-15;-27.8066666666667;23.7596666666667
FRA 79;2020-11-15;-29.7936666666667;23.8413333333333
FRA 1000;2020-11-15;-27.3093333333333;24.5558333333333
FRA 18;2020-11-15;-27.4558333333333;24.5588333333333
FRA 17;2020-11-15;-28.1701666666667;24.8208333333333
FRA 6;2020-11-15;-28.7655;24.845
FRA 109;2020-11-15;-29.2646666666667;24.827
MON 10;2020-11-15;-29.0595;25.0188333333333
FRA 49;2020-11-15;-27.3906666666667;26.0643333333333
FRA 53;2020-11-15;-28.2331666666667;26.0963333333333
FRA 4;2020-11-15;-27.6145;26.433
FRA 27;2020-11-15;-24.861;26.8886666666667
ITA 34;2020-11-15;-29.1025;27.0145
SUI 7;2020-11-15;-27.9265;27.2078333333333
FRA 30;2020-11-15;-27.371;27.4638333333333
FRA 92;2020-11-15;-27.3793333333333;28.3303333333333
GBR 777;2020-11-15;-23.4785;28.6106666666667
JPN 11;2020-11-15;-22.7375;28.594
33 ESP;2020-11-15;-23.5853333333333;28.7958333333333
FRA 14;2020-11-15;-26.8685;29.1375
FRA 71;2020-11-15;-22.6326666666667;29.883
FRA 50;2020-11-15;-21.5451666666667;33.5103333333333
FIN 222;2020-11-15;-21.4306666666667;33.6171666666667
FRA 72;2020-11-15;-21.5786666666667;34.32
FRA 83;2020-11-15;-18.6786666666667;34.6963333333333
FRA 56;2020-11-15;-16.7136666666667;38.5796666666667
FRA 8;2020-11-15;-1.79083333333333;46.5018333333333
GBR 99;2020-11-16;-29.6928333333333;12.9211666666667
FRA 01;2020-11-16;-28.543;14.7203333333333
FRA 59;2020-11-16;-29.8708333333333;14.8861666666667
FRA 79;2020-11-16;-29.5111666666667;15.7535
FRA 85;2020-11-16;-28.3356666666667;16.334
FRA 09;2020-11-16;-28.7218333333333;17.0778333333333
FRA 18;2020-11-16;-29.1028333333333;17.4731666666667
FRA 109;2020-11-16;-29.7563333333333;17.5556666666667
FRA 1000;2020-11-16;-27.9633333333333;17.981
FRA 17;2020-11-16;-28.2595;17.9845
MON 10;2020-11-16;-29.537;17.844
FRA 6;2020-11-16;-28.826;19.3865
FRA 4;2020-11-16;-27.8708333333333;19.5418333333333
FRA 49;2020-11-16;-27.7273333333333;20.5233333333333
FRA 53;2020-11-16;-29.3223333333333;20.6916666666667
ITA 34;2020-11-16;-29.9328333333333;21.7728333333333
FRA 27;2020-11-16;-26.2313333333333;23.0936666666667
FRA 30;2020-11-16;-28.1011666666667;23.1853333333333
SUI 7;2020-11-16;-28.7148333333333;23.485
FRA 92;2020-11-16;-27.518;25.2596666666667
GBR 777;2020-11-16;-23.7208333333333;26.7656666666667
33 ESP;2020-11-16;-24.0061666666667;27.035
FRA 14;2020-11-16;-26.7801666666667;27.246
FRA 71;2020-11-16;-23.5038333333333;27.5563333333333
JPN 11;2020-11-16;-22.3088333333333;27.695
FRA 50;2020-11-16;-21.8876666666667;30.1418333333333
FIN 222;2020-11-16;-21.5136666666667;30.2173333333333
FRA 72;2020-11-16;-21.2933333333333;30.5713333333333
FRA 83;2020-11-16;-20.5338333333333;31.5785
FRA 56;2020-11-16;-18.5741666666667;34.9786666666667
FRA 8;2020-11-16;-1.79083333333333;46.5018333333333
GBR 99;2020-11-17;-28.9066666666667;5.686
FRA 59;2020-11-17;-28.9145;7.18683333333333
FRA 01;2020-11-17;-28.079;7.892
FRA 79;2020-11-17;-28.6021666666667;8.03466666666667
FRA 85;2020-11-17;-28.6948333333333;9.62733333333333
FRA 18;2020-11-17;-28.8881666666667;10.2861666666667
MON 10;2020-11-17;-28.7026666666667;10.7106666666667
FRA 09;2020-11-17;-28.8501666666667;10.7946666666667
FRA 109;2020-11-17;-29.313;10.732
FRA 17;2020-11-17;-27.9276666666667;11.457
FRA 1000;2020-11-17;-28.2533333333333;11.5871666666667
FRA 4;2020-11-17;-28.1176666666667;12.5671666666667
FRA 49;2020-11-17;-27.9286666666667;14.1425
FRA 53;2020-11-17;-29.3345;14.0421666666667
ITA 34;2020-11-17;-30.0888333333333;14.495
FRA 27;2020-11-17;-27.558;16.4341666666667
SUI 7;2020-11-17;-28.5221666666667;16.7111666666667
FRA 30;2020-11-17;-29.2265;16.6575
FRA 92;2020-11-17;-27.7165;19.3943333333333
33 ESP;2020-11-17;-24.9675;23.4668333333333
GBR 777;2020-11-17;-25.7973333333333;23.9525
FRA 71;2020-11-17;-24.197;24.8278333333333
FRA 14;2020-11-17;-27.0028333333333;25.8938333333333
JPN 11;2020-11-17;-22.7463333333333;27.213
FIN 222;2020-11-17;-22.0336666666667;28.9035
FRA 50;2020-11-17;-22.0188333333333;28.9603333333333
FRA 72;2020-11-17;-23.2686666666667;29.4145
FRA 83;2020-11-17;-22.0626666666667;29.8761666666667
FRA 56;2020-11-17;-21.7623333333333;33.8903333333333
FRA 8;2020-11-17;-1.79083333333333;46.5018333333333
GBR 99;2020-11-18;-30.667;-0.05
FRA 59;2020-11-18;-29.636;1.62566666666667
FRA 79;2020-11-18;-28.9678333333333;2.1285
FRA 01;2020-11-18;-28.8256666666667;2.45883333333333
FRA 85;2020-11-18;-28.8141666666667;3.59233333333333
FRA 18;2020-11-18;-29.367;3.91683333333333
FRA 09;2020-11-18;-28.0931666666667;4.5725
FRA 109;2020-11-18;-29.1316666666667;4.3625
MON 10;2020-11-18;-29.0101666666667;4.43083333333333
FRA 17;2020-11-18;-27.2976666666667;4.9265
FRA 4;2020-11-18;-27.1195;5.41166666666667
FRA 1000;2020-11-18;-28.0001666666667;5.47216666666667
ITA 34;2020-11-18;-29.263;7.1815
FRA 53;2020-11-18;-29.0971666666667;7.68883333333333
FRA 49;2020-11-18;-27.6078333333333;8.28283333333333
FRA 27;2020-11-18;-27.6491666666667;9.84883333333333
SUI 7;2020-11-18;-27.6445;10.3566666666667
FRA 30;2020-11-18;-28.628;10.3646666666667
FRA 92;2020-11-18;-27.3946666666667;13.5366666666667
33 ESP;2020-11-18;-26.1405;18.2976666666667
FRA 14;2020-11-18;-27.7458333333333;19.3873333333333
GBR 777;2020-11-18;-28.1235;19.4405
FRA 71;2020-11-18;-26.7205;20.3095
JPN 11;2020-11-18;-23.4003333333333;24.6495
FIN 222;2020-11-18;-23.6558333333333;25.5385
FRA 72;2020-11-18;-24.532;26.1935
FRA 50;2020-11-18;-24.7493333333333;26.2808333333333
FRA 83;2020-11-18;-23.939;27.5373333333333
FRA 56;2020-11-18;-25.647;30.6613333333333
FRA 8;2020-11-18;-7.03716666666667;45.6898333333333
GBR 99;2020-11-19;-32.3893333333333;-6.85983333333333
FRA 59;2020-11-19;-30.8903333333333;-6.15333333333333
FRA 79;2020-11-19;-30.7545;-5.6105
FRA 01;2020-11-19;-30.1265;-3.91583333333333
FRA 85;2020-11-19;-30.5013333333333;-3.081
FRA 18;2020-11-19;-30.7483333333333;-2.94466666666667
MON 10;2020-11-19;-29.7238333333333;-1.95
FRA 17;2020-11-19;-29.3645;-1.558
FRA 109;2020-11-19;-30.4781666666667;-1.7005
FRA 09;2020-11-19;-28.8443333333333;-0.864333333333333
FRA 4;2020-11-19;-29.201;-0.847166666666667
FRA 1000;2020-11-19;-29.1481666666667;-0.141333333333333
ITA 34;2020-11-19;-29.9588333333333;1.20833333333333
FRA 53;2020-11-19;-29.4571666666667;1.931
FRA 27;2020-11-19;-27.6298333333333;3.97483333333333
FRA 49;2020-11-19;-27.1508333333333;4.275
FRA 30;2020-11-19;-28.3153333333333;4.32266666666667
SUI 7;2020-11-19;-27.414;4.77983333333333
FRA 92;2020-11-19;-27.8261666666667;7.48116666666667
33 ESP;2020-11-19;-27.4306666666667;13.1131666666667
FRA 14;2020-11-19;-28.8135;13.3886666666667
GBR 777;2020-11-19;-29.4463333333333;13.8961666666667
FRA 71;2020-11-19;-28.2035;14.905
JPN 11;2020-11-19;-23.9141666666667;20.6635
FIN 222;2020-11-19;-25.203;20.7438333333333
FRA 50;2020-11-19;-26.0815;20.7273333333333
FRA 72;2020-11-19;-26.0681666666667;21.1375
FRA 83;2020-11-19;-25.7286666666667;22.3675
FRA 56;2020-11-19;-27.3915;24.3011666666667
FRA 8;2020-11-19;-13.7448333333333;42.9643333333333
GBR 99;2020-11-20;-32.5785;-15.1356666666667
FRA 59;2020-11-20;-30.466;-14.1545
FRA 79;2020-11-20;-31.5415;-13.84
FRA 01;2020-11-20;-30.343;-10.4818333333333
FRA 18;2020-11-20;-31.633;-10.4823333333333
FRA 85;2020-11-20;-32.0261666666667;-10.4681666666667
MON 10;2020-11-20;-31.0705;-9.125
FRA 17;2020-11-20;-31.2838333333333;-8.7615
FRA 109;2020-11-20;-32.0861666666667;-8.8855
FRA 4;2020-11-20;-32.5153333333333;-8.5345
FRA 09;2020-11-20;-30.3626666666667;-6.23333333333333
FRA 1000;2020-11-20;-31.0366666666667;-5.62733333333333
ITA 34;2020-11-20;-31.9535;-4.7905
FRA 53;2020-11-20;-30.354;-2.85266666666667
FRA 27;2020-11-20;-29.5158333333333;-1.2115
FRA 49;2020-11-20;-29.3433333333333;-0.364166666666667
FRA 30;2020-11-20;-29.5826666666667;-0.3255
SUI 7;2020-11-20;-28.8618333333333;0.237833333333333
FRA 92;2020-11-20;-28.5878333333333;3.5005
33 ESP;2020-11-20;-27.6155;8.2505
FRA 14;2020-11-20;-28.7133333333333;8.25516666666667
GBR 777;2020-11-20;-29.159;8.665
FRA 71;2020-11-20;-28.6228333333333;9.72
FRA 50;2020-11-20;-27.401;15.6143333333333
FIN 222;2020-11-20;-26.8038333333333;15.9313333333333
FRA 72;2020-11-20;-27.2658333333333;16.0563333333333
FRA 83;2020-11-20;-27.3008333333333;17.1435
JPN 11;2020-11-20;-25.2505;18.043
FRA 56;2020-11-20;-28.8031666666667;17.8678333333333
FRA 8;2020-11-20;-16.2606666666667;36.9786666666667
FRA 59;2020-11-21;-27.464;-22.155
GBR 99;2020-11-21;-28.8811666666667;-22.5815
FRA 79;2020-11-21;-28.7083333333333;-21.6491666666667
FRA 01;2020-11-21;-28.3456666666667;-17.0335
FRA 85;2020-11-21;-31.4171666666667;-17.8786666666667
FRA 18;2020-11-21;-31.3455;-17.6271666666667
MON 10;2020-11-21;-31.2668333333333;-16.8591666666667
FRA 17;2020-11-21;-30.5803333333333;-16.227
FRA 4;2020-11-21;-32.316;-16.7411666666667
FRA 109;2020-11-21;-31.6058333333333;-15.9851666666667
FRA 09;2020-11-21;-29.946;-11.978
FRA 1000;2020-11-21;-30.9723333333333;-11.592
ITA 34;2020-11-21;-32.133;-11.3878333333333
FRA 53;2020-11-21;-30.3705;-8.00083333333333
FRA 27;2020-11-21;-30.5806666666667;-6.10266666666667
FRA 30;2020-11-21;-30.3721666666667;-5.24133333333333
FRA 49;2020-11-21;-30.405;-5.2445
SUI 7;2020-11-21;-30.016;-4.27433333333333
FRA 92;2020-11-21;-30.1066666666667;-0.150666666666667
33 ESP;2020-11-21;-27.5756666666667;6.23483333333333
GBR 777;2020-11-21;-28.9276666666667;6.00616666666667
FRA 14;2020-11-21;-28.7318333333333;6.23433333333333
FRA 71;2020-11-21;-28.2225;6.94433333333333
FRA 72;2020-11-21;-27.5565;12.6033333333333
FRA 50;2020-11-21;-27.7478333333333;12.6151666666667
FIN 222;2020-11-21;-27.4658333333333;13.0116666666667
FRA 83;2020-11-21;-27.5135;13.0548333333333
FRA 56;2020-11-21;-28.9923333333333;13.4086666666667
JPN 11;2020-11-21;-27.1976666666667;15.9861666666667
FRA 8;2020-11-21;-19.0236666666667;31.3368333333333
FRA 59;2020-11-22;-23.7601666666667;-26.336
FRA 79;2020-11-22;-24.3903333333333;-26.2828333333333
GBR 99;2020-11-22;-26.988;-25.1115
FRA 01;2020-11-22;-25.6375;-21.956
FRA 85;2020-11-22;-28.049;-23.2075
MON 10;2020-11-22;-28.5116666666667;-22.6678333333333
FRA 17;2020-11-22;-27.9556666666667;-21.9713333333333
FRA 4;2020-11-22;-29.4588333333333;-22.9026666666667
FRA 18;2020-11-22;-29.6826666666667;-23.0685
FRA 109;2020-11-22;-29.6163333333333;-21.8985
FRA 09;2020-11-22;-28.9553333333333;-17.0398333333333
FRA 1000;2020-11-22;-29.9261666666667;-17.1873333333333
ITA 34;2020-11-22;-30.9465;-17.7236666666667
FRA 53;2020-11-22;-29.8638333333333;-13.522
FRA 27;2020-11-22;-30.1151666666667;-12.8665
FRA 30;2020-11-22;-30.0311666666667;-10.7308333333333
FRA 49;2020-11-22;-30.2216666666667;-10.6205
SUI 7;2020-11-22;-30.4971666666667;-9.99116666666667
FRA 92;2020-11-22;-30.6488333333333;-5.24
GBR 777;2020-11-22;-29.154;3.64933333333333
33 ESP;2020-11-22;-28.2323333333333;3.865
FRA 14;2020-11-22;-29.0365;3.88633333333333
FRA 71;2020-11-22;-28.9816666666667;4.42933333333333
FRA 72;2020-11-22;-27.2363333333333;8.7405
FRA 83;2020-11-22;-27.8381666666667;8.695
FRA 50;2020-11-22;-28.2421666666667;8.95783333333333
FIN 222;2020-11-22;-27.5141666666667;9.32966666666667
FRA 56;2020-11-22;-29.1105;9.0525
JPN 11;2020-11-22;-29.178;13.994
FRA 8;2020-11-22;-19.8023333333333;25.7341666666667
FRA 79;2020-11-23;-21.0086666666667;-29.8496666666667
FRA 59;2020-11-23;-21.4938333333333;-29.6361666666667
FRA 01;2020-11-23;-23.3358333333333;-25.6038333333333
FRA 85;2020-11-23;-24.73;-26.2446666666667
GBR 99;2020-11-23;-26.1003333333333;-26.1078333333333
MON 10;2020-11-23;-25.543;-25.4398333333333
FRA 17;2020-11-23;-25.4201666666667;-25.2168333333333
FRA 18;2020-11-23;-26.743;-26.1108333333333
FRA 4;2020-11-23;-26.6106666666667;-25.3395
FRA 109;2020-11-23;-27.307;-24.9341666666667
FRA 09;2020-11-23;-28.216;-21.6033333333333
FRA 1000;2020-11-23;-28.7816666666667;-21.4248333333333
ITA 34;2020-11-23;-29.2958333333333;-21.6341666666667
FRA 53;2020-11-23;-28.7815;-18.023
FRA 27;2020-11-23;-28.8103333333333;-17.5603333333333
FRA 30;2020-11-23;-29.9503333333333;-16.1265
FRA 49;2020-11-23;-30.4263333333333;-15.7591666666667
SUI 7;2020-11-23;-30.6041666666667;-15.158
FRA 92;2020-11-23;-30.6953333333333;-10.1888333333333
GBR 777;2020-11-23;-30.3101666666667;-0.205333333333333
33 ESP;2020-11-23;-29.3673333333333;0.263833333333333
FRA 14;2020-11-23;-30.3941666666667;0.00516666666666667
FRA 71;2020-11-23;-30.191;0.770833333333333
FRA 72;2020-11-23;-27.3521666666667;6.56216666666667
FRA 50;2020-11-23;-28.5188333333333;6.35333333333333
FRA 83;2020-11-23;-27.9573333333333;6.53833333333333
FIN 222;2020-11-23;-27.1161666666667;6.71483333333333
FRA 56;2020-11-23;-28.9493333333333;6.4705
JPN 11;2020-11-23;-28.663;9.39816666666667
FRA 8;2020-11-23;-20.358;19.6316666666667
FRA 79;2020-11-24;-17.6358333333333;-33.0276666666667
FRA 59;2020-11-24;-18.2486666666667;-31.7161666666667
FRA 01;2020-11-24;-20.8381666666667;-28.9006666666667
FRA 85;2020-11-24;-21.5601666666667;-28.617
FRA 17;2020-11-24;-22.7371666666667;-27.9418333333333
MON 10;2020-11-24;-22.739;-27.9363333333333
FRA 4;2020-11-24;-23.5888333333333;-27.6356666666667
GBR 99;2020-11-24;-25.5785;-27.7803333333333
FRA 18;2020-11-24;-27.653;-29.3575
FRA 109;2020-11-24;-26.9366666666667;-28.0855
FRA 09;2020-11-24;-27.1341666666667;-25.5066666666667
FRA 1000;2020-11-24;-27.5598333333333;-25.1686666666667
ITA 34;2020-11-24;-28.1485;-25.2691666666667
FRA 27;2020-11-24;-28.0618333333333;-22.6943333333333
FRA 53;2020-11-24;-27.5596666666667;-21.9926666666667
FRA 30;2020-11-24;-28.9266666666667;-20.5475
FRA 49;2020-11-24;-30.2786666666667;-20.7596666666667
SUI 7;2020-11-24;-30.4161666666667;-20.0283333333333
FRA 92;2020-11-24;-30.5988333333333;-15.2968333333333
GBR 777;2020-11-24;-31.48;-4.20816666666667
FRA 14;2020-11-24;-31.9376666666667;-4.30033333333333
33 ESP;2020-11-24;-30.5378333333333;-3.54833333333333
FRA 71;2020-11-24;-31.4771666666667;-3.5815
FRA 56;2020-11-24;-29.2791666666667;3.699
FRA 72;2020-11-24;-27.8418333333333;4.1935
FRA 50;2020-11-24;-28.4;4.26966666666667
FRA 83;2020-11-24;-27.9015;4.48183333333333
FIN 222;2020-11-24;-27.3711666666667;4.90366666666667
JPN 11;2020-11-24;-29.0391666666667;8.01283333333333
FRA 8;2020-11-24;-21.5706666666667;16.3146666666667
FRA 79;2020-11-25;-15.8298333333333;-36.9901666666667
FRA 59;2020-11-25;-16.0551666666667;-34.6763333333333
FRA 01;2020-11-25;-19.7165;-30.7048333333333
FRA 85;2020-11-25;-21.9295;-30.8288333333333
MON 10;2020-11-25;-21.9625;-30.2238333333333
FRA 17;2020-11-25;-21.9251666666667;-30.1351666666667
FRA 4;2020-11-25;-24.612;-30.3693333333333
GBR 99;2020-11-25;-26.6695;-31.0161666666667
FRA 109;2020-11-25;-28.4613333333333;-32.1436666666667
FRA 18;2020-11-25;-28.5963333333333;-32.1186666666667
FRA 09;2020-11-25;-26.7833333333333;-28.4283333333333
FRA 1000;2020-11-25;-27.5136666666667;-28.3015
ITA 34;2020-11-25;-28.5011666666667;-28.3793333333333
FRA 53;2020-11-25;-26.9791666666667;-25.8605
FRA 27;2020-11-25;-27.3628333333333;-25.6308333333333
FRA 30;2020-11-25;-29.065;-24.16
FRA 49;2020-11-25;-30.0293333333333;-25.1585
SUI 7;2020-11-25;-30.7761666666667;-23.9681666666667
FRA 92;2020-11-25;-30.2585;-20.5371666666667
FRA 14;2020-11-25;-32.6748333333333;-9.43933333333333
33 ESP;2020-11-25;-31.5301666666667;-8.40766666666667
FRA 71;2020-11-25;-32.2975;-8.7265
GBR 777;2020-11-25;-32.5415;-8.61216666666667
FRA 72;2020-11-25;-29.0568333333333;1.52683333333333
FRA 50;2020-11-25;-29.0495;1.67133333333333
FRA 56;2020-11-25;-29.8966666666667;1.78283333333333
FRA 83;2020-11-25;-28.5586666666667;2.16983333333333
FIN 222;2020-11-25;-28.561;3.3155
JPN 11;2020-11-25;-28.9888333333333;6.368
FRA 8;2020-11-25;-23.9836666666667;14.3646666666667
FRA 79;2020-11-26;-13.5476666666667;-38.5135
FRA 59;2020-11-26;-15.1191666666667;-36.6045
FRA 01;2020-11-26;-17.4825;-32.3748333333333
FRA 85;2020-11-26;-23.5288333333333;-34.7578333333333
MON 10;2020-11-26;-23.2935;-34.3995
FRA 17;2020-11-26;-23.3265;-34.41
FRA 4;2020-11-26;-25.5446666666667;-35.1081666666667
GBR 99;2020-11-26;-26.932;-34.8573333333333
FRA 18;2020-11-26;-28.4973333333333;-36.607
FRA 109;2020-11-26;-28.3275;-36.2126666666667
FRA 1000;2020-11-26;-27.4053333333333;-33.1576666666667
FRA 09;2020-11-26;-27.6983333333333;-33.1876666666667
ITA 34;2020-11-26;-27.644;-33.1058333333333
FRA 53;2020-11-26;-27.077;-30.9915
FRA 27;2020-11-26;-27.6648333333333;-31.6886666666667
FRA 49;2020-11-26;-29.819;-30.759
FRA 30;2020-11-26;-29.0235;-29.219
SUI 7;2020-11-26;-31.1035;-29.523
FRA 92;2020-11-26;-30.1495;-25.83
FRA 14;2020-11-26;-33.5795;-15.276
FRA 71;2020-11-26;-33.4855;-14.3986666666667
33 ESP;2020-11-26;-32.1188333333333;-13.404
GBR 777;2020-11-26;-32.741;-13.4333333333333
FRA 56;2020-11-26;-31.318;-3.57816666666667
FRA 72;2020-11-26;-30.2315;-2.879
FRA 50;2020-11-26;-30.3168333333333;-2.7785
FRA 83;2020-11-26;-28.9895;-2.006
FIN 222;2020-11-26;-29.457;-0.693166666666667
JPN 11;2020-11-26;-29.2535;2.79516666666667
FRA 8;2020-11-26;-25.8091666666667;10.2033333333333
FRA 79;2020-11-27;-9.18566666666667;-41.5236666666667
FRA 59;2020-11-27;-14.9146666666667;-38.974
FRA 01;2020-11-27;-14.8135;-36.2913333333333
FRA 17;2020-11-27;-18.3873333333333;-38.0266666666667
FRA 85;2020-11-27;-18.6426666666667;-37.9291666666667
MON 10;2020-11-27;-19.2516666666667;-37.6078333333333
FRA 4;2020-11-27;-19.7566666666667;-37.7376666666667
FRA 18;2020-11-27;-21.0785;-39.4763333333333
FRA 109;2020-11-27;-22.006;-38.947
ITA 34;2020-11-27;-21.7668333333333;-36.8775
GBR 99;2020-11-27;-22.4063333333333;-37.3441666666667
FRA 1000;2020-11-27;-22.2038333333333;-36.9601666666667
FRA 09;2020-11-27;-23.2371666666667;-37.0475
FRA 53;2020-11-27;-22.9175;-35.4833333333333
FRA 27;2020-11-27;-23.2556666666667;-35.6028333333333
FRA 49;2020-11-27;-25.2641666666667;-34.7205
FRA 30;2020-11-27;-25.2346666666667;-33.9705
SUI 7;2020-11-27;-26.5795;-34.0231666666667
FRA 92;2020-11-27;-28.8985;-31.0423333333333
FRA 14;2020-11-27;-33.2948333333333;-21.1141666666667
FRA 71;2020-11-27;-34.0965;-19.78
33 ESP;2020-11-27;-33.1913333333333;-18.6973333333333
GBR 777;2020-11-27;-33.316;-17.9508333333333
FRA 56;2020-11-27;-33.2436666666667;-8.9925
FRA 72;2020-11-27;-31.9778333333333;-7.50683333333333
FRA 50;2020-11-27;-32.2461666666667;-7.48166666666667
FRA 83;2020-11-27;-30.4828333333333;-6.3075
FIN 222;2020-11-27;-31.2311666666667;-4.93033333333333
JPN 11;2020-11-27;-30.309;-1.41283333333333
FRA 8;2020-11-27;-26.843;5.80533333333333
FRA 79;2020-11-28;-0.969166666666667;-41.0695
FRA 59;2020-11-28;-7.48883333333333;-40.221
FRA 01;2020-11-28;-7.539;-37.2288333333333
FRA 85;2020-11-28;-9.22583333333333;-39.3541666666667
FRA 17;2020-11-28;-9.57533333333333;-39.3663333333333
FRA 18;2020-11-28;-10.8668333333333;-41.2406666666667
FRA 4;2020-11-28;-9.99966666666667;-38.8736666666667
MON 10;2020-11-28;-10.2763333333333;-39.1145
FRA 109;2020-11-28;-13.5721666666667;-40.256
FRA 1000;2020-11-28;-12.9138333333333;-38.859
ITA 34;2020-11-28;-13.0485;-38.367
FRA 09;2020-11-28;-14.0955;-38.6331666666667
FRA 53;2020-11-28;-14.8893333333333;-37.4745
FRA 27;2020-11-28;-15.1001666666667;-37.2231666666667
GBR 99;2020-11-28;-16.1748333333333;-37.8221666666667
FRA 49;2020-11-28;-17.8273333333333;-36.4743333333333
FRA 30;2020-11-28;-18.8473333333333;-36.1875
SUI 7;2020-11-28;-21.2033333333333;-36.0851666666667
FRA 92;2020-11-28;-25.9445;-33.775
FRA 14;2020-11-28;-32.741;-26.4045
FRA 71;2020-11-28;-33.889;-25.2481666666667
33 ESP;2020-11-28;-33.3236666666667;-24.167
GBR 777;2020-11-28;-33.7346666666667;-22.7495
FRA 56;2020-11-28;-33.7371666666667;-14.7711666666667
FRA 72;2020-11-28;-33.3221666666667;-12.4711666666667
FRA 83;2020-11-28;-31.7755;-11.2846666666667
FRA 50;2020-11-28;-33.701;-12.3098333333333
FIN 222;2020-11-28;-32.8236666666667;-9.21083333333333
JPN 11;2020-11-28;-31.409;-5.49083333333333
FRA 8;2020-11-28;-27.876;3.24533333333333
FRA 79;2020-11-29;8.24583333333333;-38.3553333333333
FRA 59;2020-11-29;1.51733333333333;-38.3703333333333
FRA 01;2020-11-29;0.434166666666667;-38.3638333333333
FRA 85;2020-11-29;-0.00533333333333333;-38.9973333333333
FRA 17;2020-11-29;-0.403166666666667;-37.957
FRA 18;2020-11-29;-2.48116666666667;-41.6658333333333
FRA 4;2020-11-29;-1.09983333333333;-38.2278333333333
MON 10;2020-11-29;-1.71383333333333;-38.1668333333333
FRA 1000;2020-11-29;-4.35533333333333;-40.1473333333333
ITA 34;2020-11-29;-5.52116666666667;-40.1098333333333
FRA 109;2020-11-29;-6.06433333333333;-40.936
FRA 09;2020-11-29;-5.718;-39.9761666666667
FRA 27;2020-11-29;-7.68083333333333;-40.1283333333333
FRA 53;2020-11-29;-7.51383333333333;-39.7523333333333
GBR 99;2020-11-29;-9.58733333333333;-38.9895
FRA 49;2020-11-29;-11.0661666666667;-38.7908333333333
FRA 30;2020-11-29;-12.5978333333333;-39.0423333333333
SUI 7;2020-11-29;-15.5675;-37.691
FRA 92;2020-11-29;-24.8315;-36.6866666666667
FRA 14;2020-11-29;-32.8895;-30.6513333333333
FRA 71;2020-11-29;-33.5631666666667;-29.9988333333333
33 ESP;2020-11-29;-33.435;-28.9078333333333
GBR 777;2020-11-29;-34.367;-27.761
FRA 56;2020-11-29;-34.3136666666667;-20.7623333333333
FRA 83;2020-11-29;-32.6446666666667;-16.5956666666667
FRA 72;2020-11-29;-34.0485;-17.5331666666667
FRA 50;2020-11-29;-34.4278333333333;-17.1733333333333
FIN 222;2020-11-29;-33.9461666666667;-13.8808333333333
JPN 11;2020-11-29;-33.079;-10.9451666666667
FRA 8;2020-11-29;-29.597;-0.811166666666667
FRA 79;2020-11-30;15.559;-40.1123333333333
FRA 59;2020-11-30;9.78916666666667;-40.853
FRA 85;2020-11-30;9.1755;-40.9103333333333
FRA 01;2020-11-30;8.64233333333333;-40.7006666666667
FRA 18;2020-11-30;6.91916666666667;-44.0455
FRA 17;2020-11-30;7.81116666666667;-41.0441666666667
FRA 4;2020-11-30;7.03116666666667;-41.227
MON 10;2020-11-30;6.491;-40.7213333333333
FRA 1000;2020-11-30;4.3905;-42.1441666666667
ITA 34;2020-11-30;2.95666666666667;-42.5573333333333
FRA 09;2020-11-30;2.71966666666667;-42.24
FRA 109;2020-11-30;2.21133333333333;-42.7491666666667
FRA 27;2020-11-30;1.13083333333333;-42.9223333333333
FRA 53;2020-11-30;0.347666666666667;-42.2325
GBR 99;2020-11-30;-1.71433333333333;-40.2141666666667
FRA 49;2020-11-30;-4.46916666666667;-41.456
FRA 30;2020-11-30;-6.63266666666667;-41.931
SUI 7;2020-11-30;-12.3256666666667;-38.634
FRA 92;2020-11-30;-20.5743333333333;-39.8678333333333
FRA 14;2020-11-30;-29.0668333333333;-33.4448333333333
FRA 71;2020-11-30;-29.556;-33.2675
33 ESP;2020-11-30;-30.1963333333333;-32.891
GBR 777;2020-11-30;-31.8728333333333;-32.526
FRA 56;2020-11-30;-33.2783333333333;-26.4223333333333
FRA 83;2020-11-30;-33.0413333333333;-21.9568333333333
FRA 72;2020-11-30;-33.8328333333333;-22.3883333333333
FRA 50;2020-11-30;-34.1423333333333;-21.9108333333333
FIN 222;2020-11-30;-34.1851666666667;-18.4693333333333
JPN 11;2020-11-30;-33.2366666666667;-16.9223333333333
FRA 8;2020-11-30;-31.4535;-6.37766666666667
FRA 79;2020-12-01;23.0371666666667;-41.9278333333333
FRA 59;2020-12-01;18.4271666666667;-40.7426666666667
FRA 18;2020-12-01;16.626;-44.5433333333333
FRA 4;2020-12-01;14.0073333333333;-40.9138333333333
FRA 1000;2020-12-01;13.7258333333333;-41.4535
MON 10;2020-12-01;13.585;-40.4858333333333
FRA 01;2020-12-01;13.301;-40.0506666666667
FRA 17;2020-12-01;12.7291666666667;-40.6785
ITA 34;2020-12-01;12.1248333333333;-42.4835
FRA 09;2020-12-01;11.989;-41.3873333333333
FRA 109;2020-12-01;10.7413333333333;-43.35
FRA 27;2020-12-01;9.52116666666667;-44.5695
FRA 53;2020-12-01;7.6325;-44.1523333333333
GBR 99;2020-12-01;4.677;-41.3323333333333
FRA 49;2020-12-01;1.45466666666667;-43.4858333333333
FRA 30;2020-12-01;-0.267666666666667;-43.0501666666667
SUI 7;2020-12-01;-8.7425;-40.2853333333333
FRA 92;2020-12-01;-13.078;-41.8873333333333
FRA 14;2020-12-01;-23.4526666666667;-36.1796666666667
FRA 71;2020-12-01;-24.0291666666667;-35.4278333333333
33 ESP;2020-12-01;-25.1456666666667;-35.7273333333333
GBR 777;2020-12-01;-26.0555;-35.9546666666667
FRA 56;2020-12-01;-29.3198333333333;-30.4625
FRA 83;2020-12-01;-30.8508333333333;-26.0478333333333
FRA 72;2020-12-01;-31.6741666666667;-26.342
FRA 50;2020-12-01;-31.6378333333333;-25.4176666666667
JPN 11;2020-12-01;-32.0613333333333;-22.6598333333333
FIN 222;2020-12-01;-33.5483333333333;-22.7651666666667
FRA 8;2020-12-01;-33.6288333333333;-13.1973333333333
FRA 79;2020-12-02;32.0165;-41.9005
FRA 18;2020-12-02;26.0783333333333;-43.7016666666667
FRA 59;2020-12-02;26.5378333333333;-40.4986666666667
FRA 4;2020-12-02;21.004;-41.7605
MON 10;2020-12-02;21.2003333333333;-40.1103333333333
FRA 1000;2020-12-02;20.6621666666667;-41.3481666666667
FRA 01;2020-12-02;21.2338333333333;-39.5436666666667
FRA 17;2020-12-02;20.2445;-40.7908333333333
FRA 09;2020-12-02;19.6245;-40.5533333333333
ITA 34;2020-12-02;18.735;-40.6796666666667
FRA 109;2020-12-02;18.1313333333333;-40.7378333333333
FRA 27;2020-12-02;17.7766666666667;-40.6993333333333
FRA 53;2020-12-02;13.8108333333333;-40.4951666666667
FRA 49;2020-12-02;8.8215;-42.6243333333333
FRA 30;2020-12-02;7.12016666666667;-43.7243333333333
GBR 99;2020-12-02;8.61533333333333;-39.4818333333333
SUI 7;2020-12-02;-5.17016666666667;-42.9933333333333
FRA 92;2020-12-02;-5.82383333333333;-43.4281666666667
FRA 14;2020-12-02;-14.7103333333333;-39.863
FRA 71;2020-12-02;-15.9643333333333;-38.3246666666667
33 ESP;2020-12-02;-17.3571666666667;-38.518
GBR 777;2020-12-02;-18.0241666666667;-38.6326666666667
FRA 56;2020-12-02;-22.7775;-31.749
FRA 83;2020-12-02;-27.3238333333333;-28.4188333333333
FRA 72;2020-12-02;-28.0448333333333;-28.9328333333333
FRA 50;2020-12-02;-27.9;-28.2013333333333
JPN 11;2020-12-02;-29.2648333333333;-26.4941666666667
FIN 222;2020-12-02;-31.0981666666667;-26.5715
FRA 8;2020-12-02;-33.0225;-19.4353333333333
FRA 79;2020-12-03;39.3293333333333;-37.9926666666667
FRA 18;2020-12-03;33.9496666666667;-41.8141666666667
FRA 59;2020-12-03;33.9906666666667;-38.6625
FRA 1000;2020-12-03;29.1131666666667;-40.8956666666667
FRA 17;2020-12-03;29.0238333333333;-40.1228333333333
FRA 01;2020-12-03;29.4355;-38.9335
MON 10;2020-12-03;29.2366666666667;-39.1753333333333
FRA 09;2020-12-03;28.3146666666667;-39.1313333333333
FRA 27;2020-12-03;26.5513333333333;-40.269
ITA 34;2020-12-03;26.4501666666667;-39.0595
FRA 53;2020-12-03;22.1588333333333;-41.3133333333333
FRA 4;2020-12-03;22.4611666666667;-39.6461666666667
FRA 109;2020-12-03;20.3543333333333;-38.621
FRA 49;2020-12-03;17.3281666666667;-43.0585
FRA 30;2020-12-03;15.4556666666667;-43.793
GBR 99;2020-12-03;14.739;-36.6541666666667
FRA 92;2020-12-03;2.21316666666667;-43.7225
SUI 7;2020-12-03;2.14383333333333;-43.7306666666667
FRA 14;2020-12-03;-5.27033333333333;-42.774
FRA 71;2020-12-03;-7.8925;-41.6188333333333
33 ESP;2020-12-03;-9.275;-41.1323333333333
GBR 777;2020-12-03;-12.343;-40.8011666666667
FRA 56;2020-12-03;-17.1513333333333;-32.8321666666667
FRA 72;2020-12-03;-23.8898333333333;-31.4818333333333
FRA 83;2020-12-03;-23.7758333333333;-30.4198333333333
FRA 50;2020-12-03;-24.0393333333333;-30.6986666666667
FIN 222;2020-12-03;-26.8958333333333;-29.5136666666667
JPN 11;2020-12-03;-27.962;-30.1401666666667
FRA 8;2020-12-03;-31.4536666666667;-23.2705
FRA 79;2020-12-04;47.7658333333333;-40.262
FRA 18;2020-12-04;43.3733333333333;-41.9465
FRA 59;2020-12-04;43.0416666666667;-39.5953333333333
FRA 17;2020-12-04;38.614;-40.0065
FRA 1000;2020-12-04;38.3238333333333;-40.3911666666667
FRA 01;2020-12-04;39.0386666666667;-38.4235
FRA 09;2020-12-04;37.4035;-39.0718333333333
MON 10;2020-12-04;37.5288333333333;-38.4111666666667
FRA 27;2020-12-04;34.6811666666667;-39.9473333333333
ITA 34;2020-12-04;35.1906666666667;-38.8228333333333
FRA 53;2020-12-04;31.0853333333333;-41.794
FRA 49;2020-12-04;24.0961666666667;-42.2985
FRA 30;2020-12-04;21.6065;-43.0238333333333
FRA 4;2020-12-04;20.409;-37.2208333333333
FRA 109;2020-12-04;19.6305;-36.1595
SUI 7;2020-12-04;9.29483333333333;-44.2348333333333
FRA 92;2020-12-04;8.81783333333333;-43.8861666666667
FRA 14;2020-12-04;4.37783333333333;-43.5271666666667
FRA 71;2020-12-04;0.982666666666667;-42.9911666666667
33 ESP;2020-12-04;-3.17783333333333;-40.5518333333333
GBR 777;2020-12-04;-6.7305;-43.4775
FRA 56;2020-12-04;-13.5383333333333;-34.241
FRA 50;2020-12-04;-19.9181666666667;-33.488
FRA 72;2020-12-04;-20.7728333333333;-34.3876666666667
FRA 83;2020-12-04;-21.5295;-33.0143333333333
FIN 222;2020-12-04;-22.5813333333333;-32.2056666666667
JPN 11;2020-12-04;-23.3543333333333;-32.5756666666667
FRA 8;2020-12-04;-28.3053333333333;-27.475
FRA 79;2020-12-05;55.8378333333333;-42.4433333333333
FRA 59;2020-12-05;51.662;-40.5775
FRA 18;2020-12-05;49.7308333333333;-42.3685
FRA 1000;2020-12-05;47.6135;-41.6275
FRA 17;2020-12-05;47.619;-41.5385
FRA 01;2020-12-05;47.9248333333333;-39.6925
FRA 09;2020-12-05;46.5691666666667;-39.0851666666667
MON 10;2020-12-05;45.6745;-38.8995
FRA 27;2020-12-05;43.0058333333333;-41.6175
ITA 34;2020-12-05;43.6488333333333;-40.2381666666667
FRA 53;2020-12-05;39.4141666666667;-43.377
FRA 49;2020-12-05;29.289;-43.7196666666667
FRA 30;2020-12-05;26.938;-44.4148333333333
SUI 7;2020-12-05;16.0635;-44.12
FRA 92;2020-12-05;15.1885;-43.566
FRA 14;2020-12-05;13.5483333333333;-43.8841666666667
FRA 71;2020-12-05;7.81966666666667;-42.7316666666667
33 ESP;2020-12-05;1.47466666666667;-42.6035
GBR 777;2020-12-05;-1.99166666666667;-43.9206666666667
FRA 56;2020-12-05;-12.0031666666667;-36.2285
FRA 72;2020-12-05;-15.0575;-37.0525
FRA 50;2020-12-05;-14.8046666666667;-35.7941666666667
FRA 83;2020-12-05;-16.8705;-36.0445
FIN 222;2020-12-05;-17.9333333333333;-34.2596666666667
JPN 11;2020-12-05;-20.5141666666667;-35.428
FRA 8;2020-12-05;-26.9168333333333;-32.0721666666667
FRA 79;2020-12-06;62.4751666666667;-42.0328333333333
FRA 18;2020-12-06;56.811;-43.4655
FRA 59;2020-12-06;58.1546666666667;-40.5951666666667
FRA 1000;2020-12-06;54.7255;-41.4506666666667
FRA 17;2020-12-06;54.5548333333333;-40.541
FRA 01;2020-12-06;55.1698333333333;-38.8998333333333
MON 10;2020-12-06;52.7911666666667;-41.163
FRA 09;2020-12-06;53.1428333333333;-40.3548333333333
ITA 34;2020-12-06;49.4391666666667;-39.648
FRA 27;2020-12-06;49.5878333333333;-38.945
FRA 53;2020-12-06;45.5971666666667;-39.1525
FRA 49;2020-12-06;36.3548333333333;-42.7868333333333
FRA 30;2020-12-06;33.7053333333333;-42.727
SUI 7;2020-12-06;18.3025;-44.3418333333333
FRA 92;2020-12-06;17.796;-44.1788333333333
FRA 14;2020-12-06;16.9351666666667;-44.4513333333333
FRA 71;2020-12-06;10.6418333333333;-43.444
33 ESP;2020-12-06;6.56716666666667;-43.1816666666667
GBR 777;2020-12-06;4.697;-43.6205
FRA 56;2020-12-06;-6.04933333333333;-37.9403333333333
FRA 72;2020-12-06;-8.06533333333333;-39.134
FRA 50;2020-12-06;-8.42083333333333;-37.8436666666667
FRA 83;2020-12-06;-9.8985;-38.2038333333333
FIN 222;2020-12-06;-12.3713333333333;-36.2196666666667
JPN 11;2020-12-06;-13.4956666666667;-37.6528333333333
FRA 8;2020-12-06;-21.8386666666667;-36.1776666666667
FRA 79;2020-12-07;71.8655;-39.1196666666667
FRA 59;2020-12-07;68.0991666666667;-38.4258333333333
FRA 18;2020-12-07;63.8978333333333;-44.1473333333333
FRA 17;2020-12-07;63.8825;-39.9475
FRA 1000;2020-12-07;62.4386666666667;-42.4165
FRA 01;2020-12-07;64.4638333333333;-38.654
FRA 09;2020-12-07;61.0506666666667;-40.1901666666667
MON 10;2020-12-07;59.6125;-39.694
FRA 27;2020-12-07;56.5933333333333;-40.727
ITA 34;2020-12-07;56.5263333333333;-38.057
FRA 53;2020-12-07;53.3006666666667;-39.3721666666667
FRA 49;2020-12-07;45.33;-41.6651666666667
FRA 30;2020-12-07;43.0153333333333;-41.5676666666667
SUI 7;2020-12-07;24.0655;-44.7808333333333
FRA 92;2020-12-07;22.5751666666667;-44.5503333333333
FRA 14;2020-12-07;22.307;-44.5043333333333
FRA 71;2020-12-07;17.0038333333333;-44.239
33 ESP;2020-12-07;13.1758333333333;-44.1973333333333
GBR 777;2020-12-07;12.4728333333333;-44.2261666666667
FRA 56;2020-12-07;0.00933333333333333;-39.324
FRA 50;2020-12-07;-2.7775;-39.0788333333333
FRA 72;2020-12-07;-3.8585;-40.3531666666667
FRA 83;2020-12-07;-6.289;-40.5751666666667
FIN 222;2020-12-07;-7.66316666666667;-37.5163333333333
JPN 11;2020-12-07;-10.6146666666667;-41.2366666666667
FRA 8;2020-12-07;-17.265;-40.8736666666667
FRA 79;2020-12-08;80.2876666666667;-39.4163333333333
FRA 59;2020-12-08;75.2643333333333;-37.8255
FRA 17;2020-12-08;70.5628333333333;-40.9691666666667
FRA 18;2020-12-08;68.4565;-44.2645
FRA 09;2020-12-08;68.7186666666667;-40.9103333333333
FRA 01;2020-12-08;69.1693333333333;-39.056
MON 10;2020-12-08;67.9505;-40.4645
FRA 1000;2020-12-08;67.4445;-40.8446666666667
FRA 27;2020-12-08;65.0526666666667;-41.037
ITA 34;2020-12-08;64.4433333333333;-38.5988333333333
FRA 53;2020-12-08;61.2698333333333;-39.6325
FRA 49;2020-12-08;54.1406666666667;-41.2566666666667
FRA 30;2020-12-08;51.5131666666667;-40.2885
SUI 7;2020-12-08;28.747;-43.3703333333333
FRA 92;2020-12-08;27.2873333333333;-43.656
FRA 14;2020-12-08;27.2318333333333;-43.5908333333333
FRA 71;2020-12-08;23.4353333333333;-43.6015
33 ESP;2020-12-08;19.4555;-44.7203333333333
GBR 777;2020-12-08;18.8921666666667;-44.8013333333333
FRA 56;2020-12-08;1.404;-42.705
FRA 50;2020-12-08;0.087;-41.7446666666667
FRA 72;2020-12-08;-0.2755;-42.555
FRA 83;2020-12-08;-2.97383333333333;-42.9186666666667
JPN 11;2020-12-08;-5.90416666666667;-43.4856666666667
FIN 222;2020-12-08;-4.88816666666667;-40.4611666666667
FRA 8;2020-12-08;-11.035;-42.2415
FRA 79;2020-12-09;87.1191666666667;-39.7475
FRA 59;2020-12-09;81.8231666666667;-38.716
FRA 18;2020-12-09;77.3948333333333;-45.0438333333333
FRA 17;2020-12-09;77.9471666666667;-42.0345
FRA 09;2020-12-09;76.5573333333333;-41.2015
FRA 01;2020-12-09;75.9701666666667;-40.1911666666667
FRA 1000;2020-12-09;75.51;-40.9105
MON 10;2020-12-09;75.6051666666667;-40.673
FRA 27;2020-12-09;72.4283333333333;-40.9848333333333
ITA 34;2020-12-09;71.4296666666667;-40.286
FRA 53;2020-12-09;68.6708333333333;-41.2071666666667
FRA 49;2020-12-09;61.6445;-43.1916666666667
FRA 30;2020-12-09;59.3041666666667;-42.4495
SUI 7;2020-12-09;32.359;-41.504
FRA 14;2020-12-09;29.8403333333333;-41.8216666666667
FRA 92;2020-12-09;29.7963333333333;-41.759
FRA 71;2020-12-09;27.1145;-40.3103333333333
33 ESP;2020-12-09;24.6875;-44.434
GBR 777;2020-12-09;23.9256666666667;-44.4291666666667
FRA 56;2020-12-09;7.24566666666667;-42.0493333333333
FRA 72;2020-12-09;6.217;-42.6563333333333
FRA 50;2020-12-09;5.58333333333333;-41.9036666666667
FRA 83;2020-12-09;4.242;-42.1783333333333
JPN 11;2020-12-09;2.6695;-42.9553333333333
FIN 222;2020-12-09;0.3915;-40.4563333333333
FRA 8;2020-12-09;-2.16766666666667;-40.8263333333333
FRA 79;2020-12-10;92.7535;-41.2136666666667
FRA 59;2020-12-10;88.5906666666667;-39.5705
FRA 17;2020-12-10;85.2536666666667;-42.2591666666667
FRA 18;2020-12-10;83.8778333333333;-45.139
FRA 09;2020-12-10;83.9388333333333;-42.6711666666667
FRA 01;2020-12-10;83.2946666666667;-42.742
FRA 1000;2020-12-10;83.011;-42.312
MON 10;2020-12-10;82.9075;-41.9001666666667
FRA 27;2020-12-10;80.334;-43.5928333333333
ITA 34;2020-12-10;79.3091666666667;-43.2588333333333
FRA 53;2020-12-10;76.5663333333333;-42.5341666666667
FRA 49;2020-12-10;69.9156666666667;-44.0315
FRA 30;2020-12-10;66.9095;-44.1006666666667
SUI 7;2020-12-10;38.9523333333333;-40.4203333333333
FRA 14;2020-12-10;37.7071666666667;-43.2288333333333
FRA 92;2020-12-10;37.5228333333333;-42.5635
FRA 71;2020-12-10;33.2385;-40.7056666666667
33 ESP;2020-12-10;30.5053333333333;-43.173
GBR 777;2020-12-10;29.2418333333333;-43.4085
FRA 56;2020-12-10;14.499;-41.0935
FRA 72;2020-12-10;13.936;-42.0675
FRA 50;2020-12-10;13.4303333333333;-41.9298333333333
FRA 83;2020-12-10;12.564;-41.7906666666667
JPN 11;2020-12-10;11.3563333333333;-42.3291666666667
FIN 222;2020-12-10;7.0975;-40.2953333333333
FRA 8;2020-12-10;6.095;-39.1665
FRA 79;2020-12-11;97.6283333333333;-44.1403333333333
FRA 59;2020-12-11;95.6331666666667;-43.1571666666667
FRA 17;2020-12-11;94.8533333333333;-43.7501666666667
FRA 09;2020-12-11;92.9286666666667;-42.6651666666667
FRA 01;2020-12-11;92.5818333333333;-43.4031666666667
FRA 18;2020-12-11;91.7875;-45.4111666666667
FRA 1000;2020-12-11;92.403;-43.0475
MON 10;2020-12-11;92.3001666666667;-42.4978333333333
FRA 27;2020-12-11;90.0861666666667;-44.2061666666667
ITA 34;2020-12-11;88.444;-43.7363333333333
FRA 53;2020-12-11;85.6341666666667;-43.507
FRA 49;2020-12-11;78.2708333333333;-44.725
FRA 30;2020-12-11;74.8375;-45.717
SUI 7;2020-12-11;44.716;-39.4715
FRA 92;2020-12-11;40.7956666666667;-43.082
FRA 14;2020-12-11;40.7593333333333;-42.8766666666667
33 ESP;2020-12-11;36.8516666666667;-43.0778333333333
GBR 777;2020-12-11;35.8463333333333;-43.7991666666667
FRA 71;2020-12-11;34.8306666666667;-41.9128333333333
FRA 72;2020-12-11;20.5936666666667;-42.0288333333333
FRA 50;2020-12-11;20.6666666666667;-41.4783333333333
JPN 11;2020-12-11;19.3623333333333;-41.7721666666667
FRA 83;2020-12-11;17.8755;-41.568
FRA 56;2020-12-11;17.5488333333333;-37.1631666666667
FRA 8;2020-12-11;14.8865;-40.295
FIN 222;2020-12-11;13.9158333333333;-41.3635
FRA 79;2020-12-12;107.083166666667;-44.8903333333333
FRA 59;2020-12-12;105.291333333333;-44.378
FRA 17;2020-12-12;105.092166666667;-43.8966666666667
FRA 01;2020-12-12;102.3935;-43.1858333333333
FRA 1000;2020-12-12;102.311833333333;-42.9455
FRA 18;2020-12-12;101.248833333333;-44.6416666666667
FRA 09;2020-12-12;102.327166666667;-41.5071666666667
MON 10;2020-12-12;100.693;-42.1536666666667
FRA 27;2020-12-12;100.162;-42.8653333333333
ITA 34;2020-12-12;97.9665;-43.3015
FRA 53;2020-12-12;94.2413333333333;-44.08
FRA 49;2020-12-12;84.3221666666667;-47.3668333333333
FRA 30;2020-12-12;82.2878333333333;-48.1356666666667
SUI 7;2020-12-12;53.0263333333333;-41.6223333333333
FRA 14;2020-12-12;46.816;-42.48
FRA 92;2020-12-12;46.3008333333333;-41.785
33 ESP;2020-12-12;41.7445;-42.5315
GBR 777;2020-12-12;41.6535;-43.0248333333333
FRA 71;2020-12-12;40.8486666666667;-42.6416666666667
FRA 50;2020-12-12;26.2261666666667;-43.1523333333333
FRA 72;2020-12-12;25.586;-43.4261666666667
JPN 11;2020-12-12;24.9803333333333;-44.379
FRA 83;2020-12-12;23.5861666666667;-43.4628333333333
FRA 8;2020-12-12;21.8555;-42.5845
FIN 222;2020-12-12;19.0066666666667;-40.4096666666667
FRA 79;2020-12-13;116.106666666667;-45.2891666666667
FRA 59;2020-12-13;114.625166666667;-44.9551666666667
FRA 17;2020-12-13;114.5825;-44.5436666666667
FRA 1000;2020-12-13;110.151833333333;-44.1418333333333
FRA 01;2020-12-13;109.890833333333;-44.493
FRA 09;2020-12-13;111.007833333333;-42.475
FRA 18;2020-12-13;109.153666666667;-44.9491666666667
MON 10;2020-12-13;108.482833333333;-43.325
FRA 27;2020-12-13;107.744;-43.9728333333333
ITA 34;2020-12-13;106.7865;-45.0175
FRA 53;2020-12-13;102.867;-44.8576666666667
FRA 49;2020-12-13;90.8068333333333;-45.9576666666667
FRA 30;2020-12-13;89.9536666666667;-47.4241666666667
SUI 7;2020-12-13;61.0303333333333;-42.1246666666667
FRA 14;2020-12-13;54.5948333333333;-42.2376666666667
FRA 92;2020-12-13;52.2248333333333;-41.4663333333333
GBR 777;2020-12-13;46.1291666666667;-42.3373333333333
33 ESP;2020-12-13;46.0686666666667;-42.2395
FRA 71;2020-12-13;45.2083333333333;-42.0126666666667
JPN 11;2020-12-13;32.8326666666667;-43.366
FRA 72;2020-12-13;32.6241666666667;-43.3098333333333
FRA 50;2020-12-13;32.2888333333333;-42.948
FRA 83;2020-12-13;31.3898333333333;-43.4503333333333
FRA 8;2020-12-13;29.919;-42.4281666666667
FIN 222;2020-12-13;25.0255;-40.5961666666667
FRA 79;2020-12-14;126.114666666667;-47.8581666666667
FRA 59;2020-12-14;124.724833333333;-47.4418333333333
FRA 17;2020-12-14;125.082833333333;-46.9813333333333
FRA 1000;2020-12-14;119.239333333333;-45.6696666666667
FRA 01;2020-12-14;119.089833333333;-45.8756666666667
FRA 09;2020-12-14;119.391166666667;-45.1468333333333
FRA 18;2020-12-14;118.459833333333;-45.6513333333333
MON 10;2020-12-14;116.981666666667;-45.3288333333333
FRA 27;2020-12-14;115.764666666667;-45.3655
ITA 34;2020-12-14;114.689166666667;-45.7361666666667
FRA 53;2020-12-14;110.208;-45.7138333333333
FRA 30;2020-12-14;97.5713333333333;-46.6535
FRA 49;2020-12-14;97.3641666666667;-46.2021666666667
SUI 7;2020-12-14;65.4533333333333;-43.5386666666667
FRA 14;2020-12-14;59.0406666666667;-43.0086666666667
FRA 92;2020-12-14;56.4445;-41.7236666666667
33 ESP;2020-12-14;50.3105;-41.739
GBR 777;2020-12-14;50.125;-41.7356666666667
FRA 71;2020-12-14;49.342;-41.2145
JPN 11;2020-12-14;39.3798333333333;-43.0505
FRA 8;2020-12-14;38.9111666666667;-42.9393333333333
FRA 72;2020-12-14;38.564;-43.3886666666667
FRA 50;2020-12-14;38.042;-42.618
FRA 83;2020-12-14;37.5726666666667;-42.8653333333333
FIN 222;2020-12-14;31.3226666666667;-42.2673333333333
FRA 59;2020-12-15;131.9935;-51.169
FRA 17;2020-12-15;132.437166666667;-50.3566666666667
FRA 79;2020-12-15;130.556333333333;-48.7655
FRA 01;2020-12-15;122.286333333333;-47.863
FRA 18;2020-12-15;122.301666666667;-47.8203333333333
MON 10;2020-12-15;122.279833333333;-47.8355
FRA 09;2020-12-15;122.288;-47.8043333333333
FRA 1000;2020-12-15;122.284166666667;-47.7431666666667
FRA 27;2020-12-15;121.002833333333;-46.8185
ITA 34;2020-12-15;120.344666666667;-46.2306666666667
FRA 53;2020-12-15;115.3905;-45.9286666666667
FRA 30;2020-12-15;105.827333333333;-45.5295
FRA 49;2020-12-15;104.7935;-45.3403333333333
SUI 7;2020-12-15;71.0201666666667;-44.5538333333333
FRA 14;2020-12-15;66.1453333333333;-44.621
FRA 92;2020-12-15;63.2788333333333;-42.1971666666667
GBR 777;2020-12-15;59.3195;-43.0206666666667
33 ESP;2020-12-15;59.1283333333333;-42.9021666666667
FRA 71;2020-12-15;57.5498333333333;-42.355
JPN 11;2020-12-15;46.2253333333333;-40.6411666666667
FRA 8;2020-12-15;45.3051666666667;-39.6755
FRA 72;2020-12-15;44.053;-41.2073333333333
FRA 50;2020-12-15;43.9936666666667;-41.1683333333333
FRA 83;2020-12-15;42.9395;-41.222
FIN 222;2020-12-15;37.2826666666667;-43.3015
FRA 17;2020-12-16;140.692666666667;-53.8863333333333
FRA 59;2020-12-16;140.639666666667;-53.2423333333333
FRA 79;2020-12-16;136.8795;-52.8813333333333
FRA 01;2020-12-16;130.503666666667;-49.4038333333333
FRA 1000;2020-12-16;129.498166666667;-49.8785
FRA 09;2020-12-16;129.247166666667;-50.0601666666667
MON 10;2020-12-16;129.6025;-49.4705
FRA 18;2020-12-16;127.822666666667;-50.611
FRA 27;2020-12-16;126.525833333333;-48.678
ITA 34;2020-12-16;125.984666666667;-48.4113333333333
FRA 53;2020-12-16;121.622666666667;-46.7931666666667
FRA 30;2020-12-16;114.570666666667;-44.9725
FRA 49;2020-12-16;112.658833333333;-45.3553333333333
SUI 7;2020-12-16;81.096;-44.089
FRA 14;2020-12-16;74.2886666666667;-43.76
FRA 92;2020-12-16;69.7786666666667;-43.712
GBR 777;2020-12-16;67.5063333333333;-43.0226666666667
33 ESP;2020-12-16;67.6825;-42.553
FRA 71;2020-12-16;65.8025;-42.0611666666667
FRA 8;2020-12-16;53.3155;-39.3006666666667
JPN 11;2020-12-16;52.3745;-39.5613333333333
FRA 50;2020-12-16;50.477;-40.3665
FRA 72;2020-12-16;49.1091666666667;-40.5816666666667
FRA 83;2020-12-16;48.7826666666667;-40.7576666666667
FIN 222;2020-12-16;41.7871666666667;-42.328
FRA 17;2020-12-17;152.9525;-55.4816666666667
FRA 59;2020-12-17;150.806166666667;-53.864
FRA 79;2020-12-17;149.400833333333;-54.9706666666667
FRA 01;2020-12-17;141.319333333333;-51.0931666666667
MON 10;2020-12-17;140.233166666667;-51.7883333333333
FRA 1000;2020-12-17;140.090833333333;-51.9593333333333
FRA 09;2020-12-17;139.192833333333;-52.0576666666667
FRA 18;2020-12-17;139.183833333333;-51.7706666666667
FRA 27;2020-12-17;137.206666666667;-49.8321666666667
ITA 34;2020-12-17;136.982166666667;-49.5245
FRA 53;2020-12-17;130.4125;-49.3303333333333
FRA 30;2020-12-17;122.935166666667;-45.9853333333333
FRA 49;2020-12-17;120.910333333333;-46.0163333333333
SUI 7;2020-12-17;87.5811666666667;-44.6755
FRA 14;2020-12-17;80.8983333333333;-42.9766666666667
FRA 92;2020-12-17;78.4575;-42.7295
GBR 777;2020-12-17;75.9888333333333;-43.181
33 ESP;2020-12-17;76.0385;-42.3073333333333
FRA 71;2020-12-17;74.4126666666667;-41.8373333333333
FRA 8;2020-12-17;62.5706666666667;-39.8781666666667
JPN 11;2020-12-17;60.2376666666667;-39.6495
FRA 50;2020-12-17;55.6643333333333;-40.7525
FRA 83;2020-12-17;53.8293333333333;-42.2205
FRA 72;2020-12-17;54.2115;-41.3826666666667
FIN 222;2020-12-17;48.7153333333333;-42.2741666666667
FRA 17;2020-12-18;159.895833333333;-55.7128333333333
FRA 79;2020-12-18;158.562;-55.443
FRA 59;2020-12-18;156.358333333333;-54.3381666666667
FRA 01;2020-12-18;151.7605;-51.8986666666667
MON 10;2020-12-18;150.728333333333;-52.9425
FRA 1000;2020-12-18;150.321833333333;-52.8891666666667
FRA 18;2020-12-18;149.939166666667;-52.4881666666667
FRA 09;2020-12-18;149.0695;-53.4128333333333
FRA 27;2020-12-18;147.645833333333;-51.1228333333333
ITA 34;2020-12-18;147.024333333333;-50.6093333333333
FRA 53;2020-12-18;137.481666666667;-52.461
FRA 30;2020-12-18;128.019666666667;-49.9745
FRA 49;2020-12-18;126.328833333333;-49.9318333333333
SUI 7;2020-12-18;95.4413333333333;-43.0911666666667
FRA 14;2020-12-18;88.9166666666667;-43.1761666666667
FRA 92;2020-12-18;86.5891666666667;-42.5831666666667
GBR 777;2020-12-18;84.333;-43.8253333333333
33 ESP;2020-12-18;83.315;-43.4013333333333
FRA 71;2020-12-18;80.4953333333333;-43.4168333333333
FRA 8;2020-12-18;68.9695;-42.166
JPN 11;2020-12-18;66.6685;-41.471
FRA 50;2020-12-18;62.7515;-41.9395
FRA 72;2020-12-18;61.655;-42.9068333333333
FRA 83;2020-12-18;61.1135;-42.9411666666667
FIN 222;2020-12-18;54.1578333333333;-42.9253333333333
FRA 17;2020-12-19;169.0385;-54.9033333333333
FRA 79;2020-12-19;167.803666666667;-54.5355
FRA 59;2020-12-19;165.413833333333;-54.2648333333333
MON 10;2020-12-19;158.445333333333;-55.4463333333333
FRA 01;2020-12-19;157.812166666667;-54.7763333333333
FRA 09;2020-12-19;156.742333333333;-55.5776666666667
FRA 1000;2020-12-19;156.477166666667;-55.5561666666667
FRA 18;2020-12-19;154.421166666667;-55.0051666666667
FRA 27;2020-12-19;154.644833333333;-53.9671666666667
ITA 34;2020-12-19;153.667833333333;-53.8406666666667
FRA 53;2020-12-19;144.894333333333;-54.2488333333333
FRA 30;2020-12-19;136.508833333333;-51.4948333333333
FRA 49;2020-12-19;134.798833333333;-50.726
SUI 7;2020-12-19;104.1535;-43.5333333333333
FRA 14;2020-12-19;95.0795;-45.8615
FRA 92;2020-12-19;91.2481666666667;-45.156
GBR 777;2020-12-19;90.1486666666667;-45.9925
33 ESP;2020-12-19;88.9471666666667;-44.9383333333333
FRA 71;2020-12-19;86.1233333333333;-44.8753333333333
FRA 8;2020-12-19;78.684;-43.6463333333333
JPN 11;2020-12-19;74.9928333333333;-43.0308333333333
FRA 50;2020-12-19;70.7046666666667;-43.1906666666667
FRA 83;2020-12-19;69.9083333333333;-43.0031666666667
FRA 72;2020-12-19;69.3601666666667;-43.0103333333333
FIN 222;2020-12-19;59.2568333333333;-42.5978333333333
FRA 17;2020-12-20;179.943833333333;-55.5755
FRA 79;2020-12-20;176.308166666667;-55.8335
FRA 59;2020-12-20;175.0005;-55.1351666666667
MON 10;2020-12-20;167.892833333333;-56.2836666666667
FRA 01;2020-12-20;166.519333333333;-55.9168333333333
FRA 09;2020-12-20;165.0245;-56.16
FRA 1000;2020-12-20;164.191166666667;-55.8793333333333
FRA 27;2020-12-20;162.069666666667;-56.091
ITA 34;2020-12-20;159.555166666667;-56.1336666666667
FRA 18;2020-12-20;158.887333333333;-54.744
FRA 53;2020-12-20;155.759;-54.689
FRA 30;2020-12-20;147.070333333333;-53.758
FRA 49;2020-12-20;144.7235;-52.7796666666667
SUI 7;2020-12-20;110.812833333333;-44.9726666666667
FRA 14;2020-12-20;102.639333333333;-45.0436666666667
GBR 777;2020-12-20;99.7865;-45.767
FRA 92;2020-12-20;99.4765;-44.1555
33 ESP;2020-12-20;97.151;-45.232
FRA 71;2020-12-20;93.859;-44.8885
FRA 8;2020-12-20;88.703;-44.1698333333333
JPN 11;2020-12-20;84.446;-44.0678333333333
FRA 50;2020-12-20;77.2076666666667;-43.675
FRA 83;2020-12-20;75.7686666666667;-44.949
FRA 72;2020-12-20;75.3811666666667;-44.2858333333333
FIN 222;2020-12-20;64.6228333333333;-42.3715
FRA 17;2020-12-21;-171.922666666667;-55.6246666666667
FRA 79;2020-12-21;-175.049666666667;-54.8118333333333
FRA 59;2020-12-21;-176.1535;-54.595
MON 10;2020-12-21;177.216333333333;-56.2325
FRA 01;2020-12-21;176.453166666667;-55.9653333333333
FRA 09;2020-12-21;175.403666666667;-56.5191666666667
FRA 1000;2020-12-21;173.137;-56.3445
FRA 27;2020-12-21;171.275333333333;-56.385
ITA 34;2020-12-21;170.902;-56.4005
FRA 53;2020-12-21;166.618;-56.365
FRA 18;2020-12-21;161.183166666667;-56.082
FRA 30;2020-12-21;158.045333333333;-55.2408333333333
FRA 49;2020-12-21;154.866166666667;-54.2228333333333
SUI 7;2020-12-21;116.206166666667;-44.1135
FRA 14;2020-12-21;110.343333333333;-44.4701666666667
GBR 777;2020-12-21;108.604;-44.7891666666667
FRA 92;2020-12-21;106.873;-43.8656666666667
33 ESP;2020-12-21;105.872666666667;-44.9848333333333
FRA 71;2020-12-21;102.453666666667;-44.5408333333333
FRA 8;2020-12-21;97.6281666666667;-44.927
JPN 11;2020-12-21;90.9171666666667;-45.4963333333333
FRA 50;2020-12-21;82.5318333333333;-44.9141666666667
FRA 83;2020-12-21;81.179;-46.6036666666667
FRA 72;2020-12-21;80.6445;-45.6928333333333
FIN 222;2020-12-21;71.3965;-42.5086666666667
FRA 17;2020-12-22;-164.161166666667;-55.1695
FRA 79;2020-12-22;-166.711166666667;-55.495
FRA 59;2020-12-22;-168.7615;-54.5155
MON 10;2020-12-22;-172.745;-54.222
FRA 01;2020-12-22;-174.52;-53.8641666666667
FRA 09;2020-12-22;-175.326166666667;-55.0883333333333
FRA 1000;2020-12-22;-177.5035;-55.365
FRA 27;2020-12-22;-178.487166666667;-55.75
ITA 34;2020-12-22;-179.641333333333;-55.7383333333333
FRA 53;2020-12-22;176.830833333333;-56.1881666666667
FRA 18;2020-12-22;171.8425;-56.3291666666667
FRA 30;2020-12-22;167.8955;-55.6448333333333
FRA 49;2020-12-22;164.1065;-54.8853333333333
SUI 7;2020-12-22;124.455;-47.0385
FRA 14;2020-12-22;119.300833333333;-45.5215
GBR 777;2020-12-22;117.124333333333;-45.6066666666667
FRA 92;2020-12-22;115.036;-44.8505
33 ESP;2020-12-22;113.272166666667;-45.8535
FRA 71;2020-12-22;108.683833333333;-45.5933333333333
FRA 8;2020-12-22;103.480166666667;-44.8623333333333
JPN 11;2020-12-22;98.0373333333333;-46.0886666666667
FRA 50;2020-12-22;88.434;-45.0036666666667
FRA 83;2020-12-22;86.7328333333333;-47.6395
FRA 72;2020-12-22;85.8063333333333;-46.51
FIN 222;2020-12-22;77.0693333333333;-44.7608333333333
FRA 17;2020-12-23;-157.292166666667;-53.2933333333333
FRA 79;2020-12-23;-160.299166666667;-55.0375
FRA 59;2020-12-23;-162.347333333333;-52.9816666666667
MON 10;2020-12-23;-167.33;-52.8798333333333
FRA 09;2020-12-23;-167.725;-53.5343333333333
FRA 01;2020-12-23;-167.664666666667;-52.9643333333333
FRA 1000;2020-12-23;-168.265666666667;-54.4705
FRA 27;2020-12-23;-168.6125;-54.4458333333333
ITA 34;2020-12-23;-169.509333333333;-55.1728333333333
FRA 53;2020-12-23;-173.233;-55.7691666666667
FRA 18;2020-12-23;178.638666666667;-56.5425
FRA 30;2020-12-23;171.3085;-53.7915
FRA 49;2020-12-23;168.845333333333;-53.6948333333333
SUI 7;2020-12-23;133.234;-50.1356666666667
FRA 14;2020-12-23;126.746666666667;-48.3431666666667
GBR 777;2020-12-23;124.660666666667;-48.071
FRA 92;2020-12-23;120.324;-46.0216666666667
33 ESP;2020-12-23;117.767166666667;-45.7833333333333
FRA 71;2020-12-23;113.004166666667;-45.75
FRA 8;2020-12-23;112.449;-45.612
JPN 11;2020-12-23;108.8615;-45.6886666666667
FRA 50;2020-12-23;94.4793333333333;-47.2405
FRA 83;2020-12-23;93.1248333333333;-47.5341666666667
FRA 72;2020-12-23;91.847;-46.692
FIN 222;2020-12-23;83.94;-44.7021666666667
FRA 17;2020-12-24;-150.612833333333;-51.5393333333333
FRA 79;2020-12-24;-151.976666666667;-55.0055
FRA 59;2020-12-24;-158.3645;-51.1646666666667
MON 10;2020-12-24;-161.7155;-54.0838333333333
FRA 01;2020-12-24;-161.737833333333;-54.1128333333333
FRA 09;2020-12-24;-161.818166666667;-53.9415
FRA 1000;2020-12-24;-162.138666666667;-54.4875
FRA 27;2020-12-24;-162.342666666667;-54.5958333333333
ITA 34;2020-12-24;-163.165666666667;-54.807
FRA 53;2020-12-24;-164.2085;-55.3735
FRA 18;2020-12-24;-171.230333333333;-56.1843333333333
FRA 30;2020-12-24;178.105;-54.2051666666667
FRA 49;2020-12-24;174.250333333333;-54.122
SUI 7;2020-12-24;141.846333333333;-52.875
FRA 14;2020-12-24;133.2785;-50.9443333333333
GBR 777;2020-12-24;132.235166666667;-50.4721666666667
FRA 92;2020-12-24;127.312;-46.2731666666667
33 ESP;2020-12-24;125.0075;-45.1605
FRA 8;2020-12-24;123.5355;-46.0001666666667
FRA 71;2020-12-24;121.195;-45.8941666666667
JPN 11;2020-12-24;118.419166666667;-45.5405
FRA 50;2020-12-24;102.989833333333;-45.5228333333333
FRA 83;2020-12-24;102.1555;-45.3556666666667
FRA 72;2020-12-24;98.6296666666667;-45.7665
FIN 222;2020-12-24;90.6436666666667;-43.7491666666667
FRA 79;2020-12-25;-147.015166666667;-53.0705
FRA 17;2020-12-25;-145.421666666667;-49.2573333333333
MON 10;2020-12-25;-153.970166666667;-54.9113333333333
FRA 01;2020-12-25;-154.108333333333;-54.7345
FRA 1000;2020-12-25;-154.552166666667;-54.6288333333333
FRA 27;2020-12-25;-154.788;-54.6023333333333
FRA 59;2020-12-25;-153.974;-51.7648333333333
FRA 09;2020-12-25;-154.888333333333;-54.305
ITA 34;2020-12-25;-155.716666666667;-54.688
FRA 53;2020-12-25;-156.425666666667;-54.8555
FRA 18;2020-12-25;-160.911833333333;-55.6556666666667
FRA 30;2020-12-25;-174.722;-53.6805
FRA 49;2020-12-25;-179.3445;-53.1618333333333
SUI 7;2020-12-25;150.727;-53.7756666666667
FRA 14;2020-12-25;143.397666666667;-51.0681666666667
GBR 777;2020-12-25;142.613;-51.0108333333333
FRA 92;2020-12-25;136.247;-45.5306666666667
FRA 8;2020-12-25;134.969333333333;-45.9923333333333
33 ESP;2020-12-25;133.7725;-45.2698333333333
JPN 11;2020-12-25;123.126666666667;-48.6565
FRA 71;2020-12-25;128.2745;-43.2315
FRA 50;2020-12-25;110.02;-45.6793333333333
FRA 83;2020-12-25;108.423;-44.661
FRA 72;2020-12-25;103.757;-44.7721666666667
FIN 222;2020-12-25;96.312;-44.8661666666667